순,이름,연도,WAR,game,타석,타수,득점,안타,2루타,3루타,홈런,루타,타점,도루,도루실패,볼넷,사구,고의사구,삼진,병살,희생타,희생플라이,타율,출루,장타,OPS,wOBA,wRC+,WAR2,--
1,이정후,22키CF, 9.23 , 142 , 627 , 553 , 85 , 193 , 36 , 10 , 23 , 318 , 113 , 5 , 0 , 66 , 5 , 12 , 32 , 10 , 0 , 3 , .349 , .421 , .575 , .996 , .441 , 182.5 , 9.23 , 6.72 
2,피렐라,22삼LF, 7.40 , 141 , 630 , 561 , 102 , 192 , 33 , 4 , 28 , 317 , 109 , 15 , 5 , 55 , 12 , 12 , 81 , 19 , 0 , 2 , .342 , .411 , .565 , .976 , .434 , 169.3 , 7.40 , 4.20 
3,나성범,22KRF, 6.50 , 144 , 649 , 563 , 92 , 180 , 39 , 2 , 21 , 286 , 97 , 6 , 1 , 64 , 17 , 6 , 137 , 7 , 0 , 5 , .320 , .402 , .508 , .910 , .411 , 157.4 , 6.50 , 3.74 
4,오지환,22LSS, 5.77 , 142 , 569 , 494 , 75 , 133 , 16 , 4 , 25 , 232 , 87 , 20 , 7 , 62 , 7 , 2 , 107 , 11 , 3 , 3 , .269 , .357 , .470 , .827 , .372 , 138.6 , 5.77 , 2.56 
5,최정,22S3B, 5.15 , 121 , 505 , 414 , 80 , 110 , 21 , 0 , 26 , 209 , 87 , 12 , 5 , 66 , 19 , 3 , 96 , 6 , 0 , 6 , .266 , .386 , .505 , .891 , .400 , 145.4 , 5.15 , 3.72 
6,터크먼,22한CF, 4.98 , 144 , 648 , 575 , 88 , 166 , 37 , 4 , 12 , 247 , 43 , 19 , 11 , 64 , 7 , 5 , 104 , 12 , 0 , 2 , .289 , .366 , .430 , .795 , .365 , 126.8 , 4.98 , 0.80 
7,소크라테스,22KCF, 4.97 , 127 , 554 , 514 , 83 , 160 , 29 , 7 , 17 , 254 , 77 , 13 , 6 , 34 , 2 , 4 , 81 , 11 , 0 , 4 , .311 , .354 , .494 , .848 , .380 , 137.0 , 4.97 , 0.61 
8,김현수,22LLF, 4.88 , 141 , 604 , 524 , 78 , 150 , 25 , 2 , 23 , 248 , 106 , 2 , 1 , 71 , 5 , 7 , 62 , 5 , 0 , 3 , .286 , .375 , .473 , .848 , .382 , 145.1 , 4.88 , 2.70 
9,김혜성,22키2B, 4.80 , 129 , 566 , 516 , 81 , 164 , 18 , 7 , 4 , 208 , 48 , 34 , 7 , 47 , 0 , 3 , 83 , 9 , 0 , 3 , .318 , .373 , .403 , .776 , .360 , 123.9 , 4.80 , 1.26 
10,최지훈,22SCF, 4.78 , 144 , 640 , 570 , 93 , 173 , 32 , 4 , 10 , 243 , 61 , 31 , 7 , 47 , 7 , 0 , 77 , 7 , 12 , 4 , .304 , .362 , .426 , .788 , .357 , 120.8 , 4.78 , 1.77 
11,양의지,22NC, 4.61 , 130 , 510 , 427 , 61 , 121 , 24 , 0 , 20 , 205 , 94 , 3 , 1 , 60 , 13 , 6 , 48 , 16 , 0 , 10 , .283 , .380 , .480 , .861 , .386 , 140.3 , 4.61 , 0.76 
12,박건우,22NCF, 4.47 , 111 , 463 , 408 , 52 , 137 , 18 , 1 , 10 , 187 , 61 , 3 , 3 , 44 , 8 , 1 , 62 , 10 , 0 , 3 , .336 , .408 , .458 , .867 , .400 , 151.9 , 4.47 , 1.02 
13,박성한,22SSS, 4.23 , 140 , 564 , 494 , 68 , 147 , 24 , 4 , 2 , 185 , 56 , 12 , 8 , 60 , 2 , 1 , 81 , 5 , 6 , 2 , .298 , .375 , .374 , .749 , .349 , 116.6 , 4.23 , 1.49 
14,문보경,22L3B, 4.02 , 126 , 466 , 406 , 52 , 128 , 22 , 3 , 9 , 183 , 56 , 7 , 0 , 47 , 1 , 1 , 56 , 11 , 5 , 7 , .315 , .382 , .451 , .833 , .377 , 138.3 , 4.02 , 1.10 
15,마티니,22NLF, 3.96 , 139 , 576 , 510 , 67 , 153 , 34 , 1 , 16 , 237 , 85 , 13 , 4 , 51 , 8 , 5 , 86 , 8 , 0 , 7 , .300 , .368 , .465 , .833 , .376 , 134.9 , 3.96 , 0.53 
16,한유섬,22SRF, 3.90 , 135 , 545 , 458 , 62 , 121 , 33 , 1 , 21 , 219 , 100 , 1 , 1 , 66 , 16 , 6 , 137 , 8 , 0 , 5 , .264 , .373 , .478 , .851 , .382 , 134.9 , 3.90 , 3.45 
17,박병호,22K1B, 3.85 , 124 , 487 , 429 , 72 , 118 , 17 , 0 , 35 , 240 , 98 , 5 , 3 , 40 , 12 , 3 , 131 , 7 , 0 , 6 , .275 , .349 , .559 , .909 , .399 , 147.8 , 3.85 , 3.71 
18,푸이그,22키RF, 3.78 , 126 , 547 , 473 , 65 , 131 , 30 , 0 , 21 , 224 , 73 , 6 , 3 , 58 , 12 , 1 , 100 , 6 , 0 , 4 , .277 , .368 , .474 , .841 , .382 , 143.4 , 3.78 , 1.35 
19,한동희,22롯3B, 3.77 , 129 , 499 , 456 , 43 , 140 , 27 , 0 , 14 , 209 , 65 , 0 , 0 , 33 , 6 , 2 , 64 , 15 , 0 , 4 , .307 , .359 , .458 , .817 , .372 , 129.2 , 3.77 , 0.32 
20,정은원,22한2B, 3.70 , 140 , 601 , 508 , 67 , 140 , 20 , 2 , 8 , 188 , 49 , 10 , 6 , 85 , 1 , 0 , 109 , 10 , 4 , 3 , .276 , .379 , .370 , .749 , .352 , 118.2 , 3.70 , -0.81 
21,이대호,22롯DH, 3.58 , 143 , 591 , 540 , 53 , 179 , 23 , 0 , 23 , 271 , 101 , 0 , 0 , 43 , 2 , 7 , 56 , 26 , 0 , 6 , .331 , .379 , .502 , .881 , .395 , 146.2 , 3.58 , 0.96 
22,박해민,22LCF, 3.45 , 144 , 636 , 570 , 97 , 165 , 20 , 8 , 3 , 210 , 49 , 24 , 6 , 44 , 9 , 0 , 85 , 4 , 7 , 6 , .289 , .347 , .368 , .715 , .331 , 103.9 , 3.45 , 0.60 
23,장성우,22KC, 3.38 , 117 , 420 , 362 , 48 , 94 , 11 , 0 , 18 , 159 , 55 , 1 , 0 , 52 , 2 , 2 , 79 , 12 , 1 , 3 , .260 , .353 , .439 , .792 , .360 , 121.8 , 3.38 , 0.50 
24,노진혁,22N3B, 3.31 , 115 , 451 , 396 , 50 , 111 , 24 , 0 , 15 , 180 , 75 , 2 , 0 , 45 , 2 , 3 , 105 , 11 , 3 , 5 , .280 , .353 , .455 , .807 , .362 , 125.1 , 3.31 , 1.13 
25,허경민,22두3B, 3.29 , 121 , 493 , 432 , 59 , 125 , 23 , 0 , 8 , 172 , 60 , 10 , 3 , 36 , 16 , 3 , 40 , 12 , 2 , 7 , .289 , .361 , .398 , .759 , .350 , 119.6 , 3.29 , 1.82 
26,안치홍,22롯2B, 3.24 , 132 , 562 , 493 , 71 , 140 , 27 , 3 , 14 , 215 , 58 , 7 , 2 , 51 , 5 , 4 , 52 , 13 , 8 , 5 , .284 , .354 , .436 , .790 , .354 , 117.2 , 3.24 , 0.87 
27,김재환,22두LF, 3.24 , 128 , 517 , 448 , 64 , 111 , 24 , 1 , 23 , 206 , 72 , 2 , 1 , 61 , 4 , 4 , 133 , 5 , 0 , 4 , .248 , .340 , .460 , .800 , .360 , 130.7 , 3.24 , 0.33 
28,홍창기,22LRF, 3.17 , 118 , 525 , 437 , 76 , 125 , 19 , 4 , 1 , 155 , 51 , 13 , 4 , 59 , 19 , 0 , 75 , 11 , 5 , 5 , .286 , .390 , .355 , .745 , .353 , 119.2 , 3.17 , 1.27 
29,전준우,22롯LF, 3.10 , 120 , 517 , 470 , 73 , 143 , 31 , 1 , 11 , 209 , 68 , 6 , 3 , 35 , 3 , 1 , 73 , 14 , 0 , 9 , .304 , .350 , .445 , .795 , .361 , 121.3 , 3.10 , 1.19 
30,박찬호,22KSS, 3.02 , 130 , 566 , 494 , 81 , 134 , 22 , 0 , 4 , 168 , 45 , 41 , 8 , 57 , 1 , 0 , 67 , 9 , 7 , 7 , .271 , .344 , .340 , .684 , .319 , 95.0 , 3.02 , 0.62 
31,박동원,22키KC, 2.94 , 123 , 447 , 385 , 52 , 93 , 21 , 0 , 18 , 168 , 57 , 1 , 0 , 45 , 9 , 4 , 95 , 9 , 7 , 1 , .242 , .334 , .436 , .771 , .344 , 111.5 , 2.94 , -0.80 
32,채은성,22L1B, 2.89 , 126 , 526 , 467 , 48 , 138 , 26 , 2 , 12 , 204 , 83 , 6 , 7 , 27 , 21 , 3 , 88 , 16 , 0 , 11 , .296 , .354 , .437 , .790 , .359 , 127.3 , 2.89 , -0.22 
33,김선빈,22K2B, 2.88 , 140 , 587 , 505 , 51 , 145 , 23 , 0 , 3 , 177 , 61 , 13 , 2 , 65 , 6 , 0 , 47 , 14 , 7 , 3 , .287 , .373 , .351 , .724 , .341 , 109.6 , 2.88 , 1.39 
34,오재일,22삼1B, 2.83 , 135 , 536 , 470 , 57 , 126 , 42 , 0 , 21 , 231 , 94 , 2 , 1 , 58 , 1 , 8 , 133 , 7 , 0 , 7 , .268 , .345 , .491 , .837 , .370 , 126.5 , 2.83 , 0.86 
35,조용호,22KRF, 2.66 , 131 , 531 , 474 , 52 , 146 , 18 , 4 , 3 , 181 , 44 , 5 , 4 , 49 , 3 , 3 , 74 , 3 , 2 , 3 , .308 , .374 , .382 , .756 , .352 , 115.8 , 2.66 , 1.99 
36,노시환,22한3B, 2.65 , 115 , 490 , 434 , 55 , 122 , 24 , 1 , 6 , 166 , 59 , 6 , 2 , 48 , 4 , 1 , 95 , 13 , 0 , 4 , .281 , .355 , .382 , .738 , .344 , 112.5 , 2.65 , 1.99 
37,황재균,22K3B, 2.65 , 141 , 581 , 519 , 59 , 136 , 24 , 3 , 10 , 196 , 64 , 6 , 3 , 53 , 5 , 5 , 99 , 17 , 2 , 2 , .262 , .335 , .378 , .713 , .328 , 99.6 , 2.65 , -0.18 
38,배정대,22KCF, 2.58 , 144 , 575 , 508 , 64 , 135 , 24 , 2 , 6 , 181 , 56 , 19 , 4 , 54 , 4 , 0 , 126 , 2 , 5 , 4 , .266 , .339 , .356 , .695 , .324 , 96.7 , 2.58 , -0.18 
39,문성주,22LDH, 2.48 , 106 , 390 , 327 , 55 , 99 , 15 , 3 , 6 , 138 , 41 , 9 , 6 , 51 , 3 , 2 , 36 , 13 , 8 , 1 , .303 , .401 , .422 , .823 , .375 , 136.0 , 2.48 , 0.48 
40,알포드,22KLF, 2.47 , 80 , 323 , 283 , 48 , 81 , 19 , 1 , 14 , 144 , 50 , 5 , 1 , 33 , 3 , 3 , 90 , 3 , 0 , 4 , .286 , .362 , .509 , .871 , .387 , 139.7 , 2.47 , 2.04 
41,추신수,22SDH, 2.38 , 112 , 499 , 409 , 77 , 106 , 20 , 1 , 16 , 176 , 58 , 15 , 5 , 71 , 13 , 1 , 100 , 6 , 2 , 4 , .259 , .382 , .430 , .813 , .374 , 129.8 , 2.38 , 2.01 
42,강승호,22두2B, 2.34 , 134 , 487 , 444 , 54 , 117 , 28 , 1 , 10 , 177 , 62 , 13 , 5 , 29 , 3 , 0 , 100 , 8 , 6 , 5 , .264 , .310 , .399 , .708 , .320 , 100.5 , 2.34 , 0.53 
43,유강남,22LC, 2.30 , 139 , 469 , 416 , 54 , 106 , 16 , 0 , 8 , 146 , 47 , 0 , 0 , 34 , 11 , 1 , 98 , 9 , 6 , 2 , .255 , .326 , .351 , .677 , .314 , 94.9 , 2.30 , 0.41 
44,렉스,22롯CF, 2.30 , 56 , 251 , 218 , 32 , 72 , 10 , 1 , 8 , 108 , 34 , 3 , 0 , 26 , 5 , 2 , 44 , 4 , 0 , 2 , .330 , .410 , .495 , .906 , .411 , 156.3 , 2.30 , 1.32 
45,최형우,22KDH, 2.29 , 132 , 530 , 454 , 55 , 120 , 27 , 1 , 14 , 191 , 71 , 1 , 0 , 73 , 1 , 5 , 92 , 9 , 0 , 2 , .264 , .366 , .421 , .787 , .361 , 123.3 , 2.29 , 1.16 
46,류지혁,22K3B, 2.26 , 127 , 477 , 405 , 55 , 112 , 19 , 2 , 2 , 141 , 48 , 8 , 4 , 56 , 6 , 0 , 83 , 6 , 8 , 2 , .277 , .371 , .348 , .719 , .338 , 107.8 , 2.26 , 1.01 
47,박민우,22N2B, 2.13 , 104 , 451 , 390 , 61 , 104 , 22 , 1 , 4 , 140 , 38 , 21 , 4 , 42 , 10 , 5 , 55 , 7 , 6 , 3 , .267 , .351 , .359 , .710 , .326 , 101.0 , 2.13 , 0.62 
48,강민호,22삼C, 2.11 , 130 , 444 , 396 , 38 , 102 , 19 , 1 , 13 , 162 , 66 , 0 , 0 , 41 , 3 , 4 , 58 , 21 , 1 , 3 , .258 , .330 , .409 , .739 , .335 , 103.6 , 2.11 , 0.55 
49,김지찬,22삼2B, 2.08 , 113 , 429 , 361 , 62 , 101 , 7 , 6 , 0 , 120 , 25 , 25 , 4 , 45 , 2 , 0 , 64 , 2 , 19 , 2 , .280 , .361 , .332 , .693 , .317 , 93.2 , 2.08 , 0.63 
50,손아섭,22NRF, 2.07 , 138 , 617 , 548 , 72 , 152 , 29 , 4 , 4 , 201 , 48 , 6 , 3 , 59 , 3 , 2 , 76 , 9 , 1 , 6 , .277 , .347 , .367 , .714 , .333 , 105.7 , 2.07 , 1.43 
51,송성문,22키3B, 2.01 , 142 , 601 , 547 , 67 , 135 , 21 , 4 , 13 , 203 , 79 , 0 , 1 , 45 , 1 , 6 , 65 , 8 , 1 , 7 , .247 , .302 , .371 , .673 , .305 , 88.1 , 2.01 , -1.23 
52,김현준,22삼CF, 1.96 , 118 , 422 , 363 , 57 , 100 , 19 , 4 , 0 , 127 , 22 , 5 , 3 , 45 , 6 , 0 , 80 , 1 , 8 , 0 , .275 , .365 , .350 , .715 , .334 , 105.5 , 1.96 , 0.64 
53,고승민,22롯RF, 1.95 , 92 , 262 , 234 , 31 , 74 , 15 , 1 , 5 , 106 , 30 , 1 , 4 , 25 , 0 , 0 , 47 , 6 , 2 , 1 , .316 , .381 , .453 , .834 , .381 , 134.4 , 1.95 , 1.34 
54,구자욱,22삼RF, 1.91 , 99 , 442 , 409 , 69 , 119 , 23 , 3 , 5 , 163 , 37 , 11 , 1 , 27 , 3 , 2 , 84 , 7 , 1 , 2 , .291 , .338 , .399 , .736 , .338 , 107.1 , 1.91 , -0.31 
55,이창진,22KLF, 1.84 , 111 , 404 , 346 , 56 , 104 , 14 , 0 , 7 , 139 , 48 , 3 , 5 , 41 , 2 , 0 , 63 , 7 , 11 , 4 , .301 , .374 , .402 , .776 , .352 , 117.2 , 1.84 , -0.65 
56,강한울,22삼3B, 1.83 , 93 , 252 , 226 , 31 , 73 , 12 , 1 , 1 , 90 , 26 , 4 , 2 , 20 , 0 , 0 , 48 , 2 , 4 , 2 , .323 , .375 , .398 , .773 , .355 , 119.4 , 1.83 , -0.53 
57,페르난데스,22두DH, 1.83 , 139 , 550 , 508 , 52 , 157 , 28 , 0 , 6 , 203 , 77 , 0 , 0 , 35 , 2 , 0 , 45 , 34 , 0 , 5 , .309 , .353 , .400 , .752 , .349 , 118.6 , 1.83 , -0.21 
58,김준태,22KC, 1.82 , 98 , 270 , 231 , 28 , 63 , 16 , 1 , 4 , 93 , 27 , 2 , 0 , 33 , 0 , 1 , 77 , 4 , 3 , 3 , .273 , .360 , .403 , .762 , .348 , 113.0 , 1.82 , 0.54 
59,김주원,22NSS, 1.81 , 96 , 326 , 273 , 35 , 62 , 10 , 2 , 10 , 106 , 47 , 10 , 3 , 30 , 14 , 1 , 89 , 4 , 9 , 0 , .227 , .334 , .388 , .723 , .327 , 100.7 , 1.81 , -0.41 
60,최재훈,22한C, 1.78 , 114 , 437 , 364 , 38 , 81 , 14 , 0 , 5 , 110 , 30 , 1 , 1 , 44 , 21 , 0 , 65 , 17 , 5 , 2 , .223 , .339 , .302 , .641 , .308 , 87.4 , 1.78 , -1.31 
61,김휘집,22키SS, 1.58 , 112 , 393 , 333 , 40 , 74 , 12 , 1 , 8 , 112 , 36 , 0 , 0 , 39 , 14 , 0 , 115 , 6 , 3 , 4 , .222 , .326 , .336 , .662 , .312 , 93.6 , 1.58 , -1.22 
62,양석환,22두1B, 1.57 , 107 , 446 , 406 , 58 , 99 , 14 , 1 , 20 , 175 , 51 , 1 , 0 , 32 , 7 , 3 , 101 , 3 , 0 , 1 , .244 , .309 , .431 , .741 , .334 , 113.0 , 1.57 , 0.05 
63,심우준,22KSS, 1.55 , 132 , 449 , 388 , 69 , 93 , 8 , 2 , 4 , 117 , 34 , 23 , 2 , 43 , 2 , 0 , 75 , 11 , 11 , 4 , .240 , .316 , .302 , .617 , .287 , 72.0 , 1.55 , -1.06 
64,하주석,22한SS, 1.38 , 125 , 483 , 444 , 50 , 115 , 18 , 2 , 5 , 152 , 58 , 20 , 6 , 31 , 3 , 1 , 126 , 4 , 2 , 3 , .259 , .310 , .342 , .652 , .303 , 84.5 , 1.38 , -0.21 
65,김재성,22삼DH, 1.37 , 63 , 185 , 161 , 16 , 54 , 10 , 0 , 3 , 73 , 26 , 0 , 0 , 18 , 2 , 0 , 40 , 4 , 1 , 3 , .335 , .402 , .453 , .856 , .392 , 143.6 , 1.37 , 0.44 
66,김강민,22SCF, 1.33 , 84 , 202 , 178 , 24 , 54 , 11 , 0 , 5 , 80 , 18 , 1 , 3 , 18 , 3 , 2 , 39 , 1 , 2 , 1 , .303 , .375 , .449 , .824 , .372 , 129.5 , 1.33 , 1.07 
67,박세혁,22두C, 1.29 , 128 , 402 , 351 , 33 , 87 , 13 , 1 , 3 , 111 , 41 , 2 , 2 , 33 , 6 , 1 , 71 , 4 , 8 , 4 , .248 , .320 , .316 , .636 , .295 , 80.4 , 1.29 , -1.26 
68,이지영,22키C, 1.26 , 137 , 450 , 420 , 38 , 112 , 13 , 4 , 2 , 139 , 37 , 1 , 1 , 20 , 2 , 2 , 44 , 16 , 8 , 0 , .267 , .303 , .331 , .634 , .290 , 75.6 , 1.26 , -1.85 
69,황성빈,22롯CF, 1.23 , 102 , 353 , 320 , 62 , 94 , 12 , 4 , 1 , 117 , 16 , 10 , 12 , 22 , 2 , 0 , 55 , 2 , 7 , 2 , .294 , .341 , .366 , .707 , .324 , 95.3 , 1.23 , -0.39 
70,김태군,22삼C, 1.22 , 102 , 235 , 205 , 20 , 61 , 11 , 0 , 2 , 78 , 25 , 0 , 0 , 17 , 4 , 0 , 34 , 15 , 6 , 3 , .298 , .358 , .380 , .739 , .337 , 106.3 , 1.22 , -0.17 
71,라가레스,22SLF, 1.19 , 49 , 202 , 180 , 24 , 57 , 9 , 0 , 6 , 84 , 32 , 3 , 1 , 14 , 1 , 1 , 18 , 4 , 4 , 3 , .317 , .364 , .467 , .830 , .368 , 126.9 , 1.19 , 1.19 
72,이재원,22LDH, 1.19 , 85 , 253 , 223 , 31 , 50 , 8 , 2 , 13 , 101 , 43 , 3 , 1 , 18 , 12 , 2 , 77 , 3 , 0 , 0 , .224 , .316 , .453 , .769 , .346 , 122.0 , 1.19 , 0.61 
73,피터스,22롯CF, 1.18 , 85 , 354 , 316 , 32 , 72 , 16 , 0 , 13 , 127 , 48 , 7 , 4 , 26 , 8 , 1 , 77 , 5 , 0 , 4 , .228 , .299 , .402 , .701 , .319 , 93.7 , 1.18 , 1.09 
74,김인태,22두RF, 1.17 , 83 , 279 , 235 , 25 , 58 , 6 , 0 , 5 , 79 , 25 , 1 , 0 , 41 , 3 , 1 , 47 , 6 , 0 , 0 , .247 , .366 , .336 , .702 , .337 , 109.9 , 1.17 , 0.08 
75,안권수,22두RF, 1.15 , 76 , 267 , 239 , 43 , 71 , 7 , 2 , 0 , 82 , 20 , 3 , 4 , 26 , 1 , 0 , 40 , 6 , 1 , 0 , .297 , .368 , .343 , .712 , .339 , 108.3 , 1.15 , -0.47 
76,정수빈,22두CF, 1.13 , 127 , 455 , 405 , 58 , 105 , 12 , 4 , 3 , 134 , 41 , 15 , 8 , 39 , 1 , 1 , 56 , 2 , 6 , 4 , .259 , .323 , .331 , .654 , .303 , 85.3 , 1.13 , 0.81 
77,이원석,22삼3B, 1.12 , 88 , 335 , 288 , 31 , 77 , 13 , 0 , 10 , 120 , 60 , 0 , 0 , 33 , 5 , 2 , 70 , 7 , 3 , 6 , .267 , .346 , .417 , .763 , .345 , 110.2 , 1.12 , 1.31 
78,황대인,22K1B, 1.08 , 129 , 524 , 476 , 40 , 122 , 27 , 0 , 14 , 191 , 91 , 0 , 0 , 36 , 7 , 2 , 92 , 20 , 0 , 5 , .256 , .315 , .401 , .716 , .327 , 100.0 , 1.08 , -1.18 
79,전의산,22S1B, 1.00 , 77 , 266 , 241 , 36 , 60 , 15 , 1 , 13 , 116 , 45 , 0 , 0 , 24 , 0 , 3 , 84 , 6 , 0 , 1 , .249 , .316 , .481 , .797 , .353 , 114.0 , 1.00 , 0.20 
80,김태연,22한3B, 0.95 , 119 , 464 , 404 , 46 , 97 , 18 , 0 , 7 , 136 , 53 , 3 , 2 , 48 , 5 , 1 , 106 , 9 , 3 , 4 , .240 , .325 , .337 , .662 , .310 , 89.1 , 0.95 , -1.45 
81,오윤석,22K2B, 0.84 , 111 , 337 , 286 , 23 , 67 , 13 , 0 , 6 , 98 , 37 , 2 , 1 , 34 , 6 , 0 , 69 , 9 , 5 , 6 , .234 , .322 , .343 , .665 , .308 , 86.1 , 0.84 , 0.26 
82,김민혁,22두1B, 0.79 , 38 , 97 , 88 , 11 , 25 , 2 , 0 , 5 , 42 , 16 , 0 , 0 , 7 , 2 , 0 , 25 , 6 , 0 , 0 , .284 , .351 , .477 , .828 , .377 , 142.7 , 0.79 , 0.11 
83,김민식,22KSC, 0.76 , 104 , 266 , 222 , 30 , 49 , 9 , 1 , 2 , 66 , 28 , 0 , 0 , 32 , 2 , 1 , 45 , 4 , 7 , 3 , .221 , .321 , .297 , .618 , .288 , 73.5 , 0.76 , -0.99 
84,김인환,22한1B, 0.73 , 113 , 429 , 398 , 48 , 104 , 14 , 0 , 16 , 166 , 54 , 2 , 0 , 24 , 3 , 2 , 111 , 4 , 0 , 4 , .261 , .305 , .417 , .722 , .327 , 100.3 , 0.73 , -1.43 
85,김도영,22K3B, 0.72 , 103 , 254 , 224 , 37 , 53 , 11 , 4 , 3 , 81 , 19 , 13 , 3 , 22 , 3 , 0 , 62 , 3 , 4 , 1 , .237 , .312 , .362 , .674 , .309 , 88.1 , 0.72 , -0.53 
86,가르시아,22L2B, 0.59 , 39 , 156 , 136 , 21 , 28 , 6 , 1 , 4 , 48 , 19 , 4 , 1 , 19 , 1 , 0 , 40 , 4 , 0 , 0 , .206 , .308 , .353 , .661 , .310 , 93.1 , 0.59 , -0.91 
87,김상수,22삼SS, 0.56 , 72 , 260 , 235 , 30 , 59 , 11 , 0 , 2 , 76 , 29 , 2 , 1 , 18 , 1 , 0 , 44 , 6 , 4 , 2 , .251 , .305 , .323 , .628 , .291 , 75.2 , 0.56 , -0.79 
88,박준영,22N3B, 0.53 , 75 , 240 , 208 , 27 , 45 , 8 , 1 , 4 , 67 , 19 , 7 , 2 , 27 , 1 , 0 , 54 , 6 , 3 , 1 , .216 , .308 , .322 , .630 , .295 , 78.9 , 0.53 , -1.16 
89,오선진,22삼3B, 0.53 , 100 , 306 , 268 , 30 , 74 , 8 , 0 , 3 , 91 , 24 , 2 , 2 , 18 , 3 , 0 , 51 , 5 , 16 , 1 , .276 , .328 , .340 , .667 , .299 , 79.9 , 0.53 , -0.72 
90,최주환,22S2B, 0.52 , 97 , 333 , 298 , 36 , 63 , 14 , 2 , 9 , 108 , 41 , 0 , 0 , 29 , 4 , 2 , 55 , 5 , 0 , 2 , .211 , .288 , .362 , .651 , .298 , 79.1 , 0.52 , -0.42 
91,김대한,22두RF, 0.50 , 51 , 110 , 96 , 13 , 23 , 6 , 1 , 4 , 43 , 11 , 2 , 1 , 5 , 6 , 0 , 27 , 0 , 2 , 1 , .240 , .315 , .448 , .763 , .339 , 115.5 , 0.50 , -0.09 
92,권희동,22NCF, 0.49 , 82 , 280 , 238 , 30 , 53 , 5 , 1 , 5 , 75 , 22 , 2 , 1 , 31 , 8 , 1 , 44 , 3 , 2 , 1 , .223 , .331 , .315 , .646 , .307 , 87.4 , 0.49 , 0.39 
93,지시완,22롯C, 0.48 , 75 , 199 , 174 , 16 , 37 , 7 , 0 , 3 , 53 , 17 , 0 , 0 , 20 , 2 , 1 , 55 , 7 , 2 , 1 , .213 , .300 , .305 , .604 , .283 , 68.3 , 0.48 , -0.31 
94,이우성,22KLF, 0.44 , 80 , 137 , 120 , 23 , 35 , 7 , 0 , 1 , 45 , 12 , 1 , 3 , 12 , 1 , 0 , 20 , 5 , 4 , 0 , .292 , .361 , .375 , .736 , .337 , 106.9 , 0.44 , -1.03 
95,양찬열,22두RF, 0.43 , 41 , 94 , 82 , 15 , 20 , 4 , 0 , 3 , 33 , 12 , 0 , 0 , 11 , 0 , 0 , 23 , 2 , 1 , 0 , .244 , .333 , .402 , .736 , .337 , 113.1 , 0.43 , 0.38 
96,고종욱,22KDH, 0.40 , 62 , 114 , 106 , 13 , 30 , 7 , 1 , 2 , 45 , 14 , 1 , 0 , 7 , 0 , 0 , 21 , 2 , 1 , 0 , .283 , .327 , .425 , .752 , .341 , 110.4 , 0.40 , 0.63 
97,김기환,22NCF, 0.37 , 73 , 131 , 113 , 26 , 25 , 5 , 1 , 0 , 32 , 6 , 14 , 2 , 13 , 2 , 0 , 38 , 0 , 2 , 1 , .221 , .310 , .283 , .593 , .282 , 71.0 , 0.37 , -1.17 
98,김주형,22키SS, 0.33 , 55 , 130 , 110 , 16 , 22 , 7 , 1 , 1 , 34 , 5 , 1 , 0 , 4 , 13 , 0 , 29 , 4 , 2 , 1 , .200 , .305 , .309 , .614 , .291 , 76.0 , 0.33 , -0.93 
99,박상언,22한C, 0.32 , 56 , 151 , 134 , 16 , 30 , 5 , 1 , 4 , 49 , 17 , 0 , 3 , 11 , 0 , 0 , 28 , 2 , 5 , 1 , .224 , .281 , .366 , .647 , .287 , 73.4 , 0.32 , -0.83 
100,안승한,22두C, 0.32 , 30 , 39 , 36 , 5 , 12 , 3 , 0 , 0 , 15 , 8 , 0 , 0 , 2 , 0 , 0 , 12 , 0 , 1 , 0 , .333 , .368 , .417 , .785 , .356 , 122.1 , 0.32 , 0.21 
101,손호영,22L2B, 0.31 , 36 , 82 , 74 , 13 , 19 , 0 , 2 , 3 , 32 , 14 , 0 , 3 , 6 , 0 , 0 , 14 , 2 , 1 , 1 , .257 , .309 , .432 , .741 , .330 , 106.7 , 0.31 , 0.03 
102,신용수,22롯RF, 0.30 , 49 , 73 , 68 , 8 , 16 , 4 , 2 , 2 , 30 , 7 , 3 , 1 , 4 , 1 , 0 , 15 , 0 , 0 , 0 , .235 , .288 , .441 , .729 , .328 , 97.8 , 0.30 , 0.19 
103,허도환,22LC, 0.29 , 64 , 92 , 85 , 7 , 21 , 5 , 0 , 1 , 29 , 6 , 0 , 0 , 2 , 2 , 0 , 26 , 2 , 3 , 0 , .247 , .281 , .341 , .622 , .280 , 71.2 , 0.29 , -0.49 
104,이재원,22SC, 0.28 , 105 , 279 , 234 , 27 , 47 , 6 , 0 , 4 , 65 , 28 , 1 , 0 , 25 , 8 , 1 , 44 , 13 , 9 , 3 , .201 , .296 , .278 , .574 , .267 , 57.8 , 0.28 , -1.59 
105,조수행,22두LF, 0.28 , 117 , 134 , 119 , 36 , 28 , 4 , 1 , 1 , 37 , 9 , 22 , 7 , 10 , 1 , 0 , 31 , 4 , 2 , 2 , .235 , .296 , .311 , .606 , .281 , 70.3 , 0.28 , -0.74 
106,서건창,22L2B, 0.28 , 77 , 247 , 219 , 39 , 49 , 10 , 1 , 2 , 67 , 18 , 8 , 3 , 20 , 4 , 0 , 44 , 5 , 3 , 1 , .224 , .299 , .306 , .605 , .285 , 73.4 , 0.28 , -1.75 
107,김호령,22KCF, 0.28 , 54 , 88 , 77 , 21 , 21 , 1 , 1 , 1 , 27 , 8 , 2 , 1 , 7 , 0 , 0 , 22 , 4 , 4 , 0 , .273 , .333 , .351 , .684 , .307 , 87.1 , 0.28 , -0.63 
108,송찬의,22L2B, 0.25 , 33 , 78 , 72 , 8 , 17 , 4 , 0 , 3 , 30 , 10 , 2 , 1 , 2 , 3 , 0 , 24 , 0 , 0 , 1 , .236 , .282 , .417 , .699 , .316 , 100.2 , 0.25 , -0.65 
109,임지열,22키LF, 0.25 , 40 , 148 , 131 , 16 , 36 , 6 , 0 , 1 , 45 , 15 , 1 , 0 , 10 , 2 , 0 , 43 , 2 , 3 , 2 , .275 , .331 , .344 , .675 , .311 , 91.2 , 0.25 , -0.55 
110,장준원,22K2B, 0.23 , 35 , 63 , 57 , 7 , 14 , 2 , 0 , 3 , 25 , 10 , 1 , 0 , 3 , 0 , 0 , 17 , 5 , 3 , 0 , .246 , .283 , .439 , .722 , .310 , 86.8 , 0.23 , 0.12 
111,김태진,22K키1B, 0.23 , 77 , 276 , 254 , 37 , 68 , 5 , 1 , 0 , 75 , 20 , 1 , 2 , 17 , 1 , 0 , 30 , 4 , 3 , 1 , .268 , .315 , .295 , .610 , .289 , 74.5 , 0.23 , -0.12 
112,라모스,22KRF, 0.21 , 18 , 80 , 72 , 10 , 18 , 1 , 1 , 3 , 30 , 11 , 2 , 0 , 4 , 2 , 0 , 18 , 2 , 1 , 1 , .250 , .304 , .417 , .721 , .323 , 96.5 , 0.21 , -0.16 
113,이병헌,22삼C, 0.18 , 3 , 4 , 4 , 1 , 3 , 1 , 0 , 0 , 4 , 1 , 0 , 0 , 0 , 0 , 0 , 1 , 0 , 0 , 0 , .750 , .750 , 1.000 , 1.750 , .801 , 426.4 , 0.18 , 0.08 
114,최승민,22NCF, 0.17 , 44 , 34 , 34 , 19 , 11 , 0 , 0 , 0 , 11 , 3 , 6 , 3 , 0 , 0 , 0 , 7 , 1 , 0 , 0 , .324 , .324 , .324 , .647 , .305 , 88.6 , 0.17 , -0.42 
115,유상빈,22한LF, 0.16 , 17 , 49 , 46 , 3 , 15 , 5 , 0 , 0 , 20 , 4 , 0 , 1 , 0 , 0 , 0 , 11 , 0 , 2 , 1 , .326 , .319 , .435 , .754 , .327 , 101.0 , 0.16 , 0.31 
116,김성윤,22삼CF, 0.15 , 48 , 49 , 42 , 14 , 8 , 3 , 0 , 1 , 14 , 2 , 10 , 2 , 5 , 1 , 0 , 10 , 0 , 1 , 0 , .190 , .292 , .333 , .625 , .289 , 72.9 , 0.15 , -0.18 
117,김재혁,22삼LF, 0.15 , 15 , 39 , 33 , 5 , 8 , 1 , 0 , 0 , 9 , 3 , 4 , 0 , 4 , 1 , 0 , 9 , 0 , 0 , 1 , .242 , .333 , .273 , .606 , .296 , 79.3 , 0.15 , 0.10 
118,박정현,22한SS, 0.15 , 81 , 220 , 205 , 23 , 50 , 4 , 1 , 3 , 65 , 19 , 6 , 1 , 12 , 1 , 0 , 56 , 2 , 2 , 0 , .244 , .289 , .317 , .606 , .282 , 70.2 , 0.15 , -1.42 
119,조민성,22삼1B, 0.15 , 12 , 16 , 13 , 3 , 4 , 0 , 0 , 1 , 7 , 3 , 1 , 0 , 2 , 1 , 0 , 7 , 0 , 0 , 0 , .308 , .438 , .538 , .976 , .443 , 175.4 , 0.15 , -0.02 
120,권광민,22한LF, 0.14 , 32 , 87 , 71 , 6 , 16 , 3 , 1 , 0 , 21 , 8 , 0 , 1 , 13 , 1 , 0 , 30 , 0 , 0 , 2 , .225 , .345 , .296 , .641 , .310 , 90.1 , 0.14 , -0.62 
121,하재훈,22SLF, 0.14 , 60 , 114 , 107 , 18 , 23 , 6 , 1 , 6 , 49 , 13 , 1 , 0 , 4 , 1 , 0 , 40 , 0 , 0 , 2 , .215 , .246 , .458 , .704 , .308 , 83.3 , 0.14 , -0.43 
122,변우혁,22한1B, 0.14 , 21 , 61 , 61 , 5 , 16 , 3 , 0 , 3 , 28 , 8 , 0 , 0 , 0 , 0 , 0 , 21 , 3 , 0 , 0 , .262 , .262 , .459 , .721 , .322 , 97.1 , 0.14 , -0.76 
123,김태근,22두CF, 0.12 , 2 , 6 , 4 , 0 , 2 , 1 , 0 , 0 , 3 , 2 , 0 , 1 , 1 , 1 , 0 , 1 , 0 , 0 , 0 , .500 , .667 , .750 , 1.417 , .621 , 307.7 , 0.12 , 0.14 
124,전민재,22두SS, 0.12 , 35 , 46 , 45 , 11 , 13 , 1 , 0 , 0 , 14 , 0 , 3 , 0 , 0 , 0 , 0 , 12 , 3 , 1 , 0 , .289 , .289 , .311 , .600 , .275 , 64.5 , 0.12 , -0.11 
125,최경모,22S3B, 0.12 , 98 , 75 , 73 , 16 , 22 , 2 , 0 , 0 , 24 , 4 , 2 , 0 , 1 , 0 , 0 , 18 , 1 , 1 , 0 , .301 , .311 , .329 , .640 , .296 , 79.6 , 0.12 , -0.31 
126,이재용,22NC, 0.12 , 8 , 6 , 5 , 1 , 1 , 0 , 0 , 1 , 4 , 2 , 0 , 0 , 1 , 0 , 0 , 2 , 1 , 0 , 0 , .200 , .333 , .800 , 1.133 , .467 , 191.4 , 0.12 , -0.01 
127,이명기,22NLF, 0.11 , 94 , 341 , 300 , 36 , 77 , 13 , 2 , 0 , 94 , 23 , 5 , 4 , 30 , 3 , 0 , 56 , 8 , 6 , 2 , .257 , .328 , .313 , .642 , .301 , 84.1 , 0.11 , -1.84 
128,김민혁,22KLF, 0.10 , 132 , 434 , 373 , 47 , 106 , 10 , 2 , 0 , 120 , 35 , 6 , 9 , 37 , 2 , 2 , 62 , 10 , 19 , 3 , .284 , .349 , .322 , .671 , .305 , 83.6 , 0.10 , 0.07 
129,장운호,22한RF, 0.10 , 57 , 146 , 122 , 12 , 29 , 3 , 0 , 1 , 35 , 15 , 0 , 2 , 17 , 3 , 1 , 24 , 2 , 2 , 2 , .238 , .340 , .287 , .627 , .299 , 81.1 , 0.10 , -0.01 
130,오영수,22N1B, 0.09 , 83 , 259 , 231 , 25 , 55 , 10 , 0 , 6 , 83 , 31 , 0 , 5 , 22 , 3 , 0 , 58 , 4 , 0 , 3 , .238 , .309 , .359 , .668 , .311 , 89.8 , 0.09 , 0.33 
131,오태곤,22SLF, 0.08 , 130 , 295 , 263 , 48 , 61 , 15 , 1 , 4 , 90 , 23 , 11 , 4 , 15 , 9 , 1 , 68 , 3 , 5 , 3 , .232 , .293 , .342 , .635 , .290 , 73.9 , 0.08 , 0.06 
132,강현구,22두LF, 0.08 , 3 , 5 , 3 , 0 , 1 , 0 , 0 , 0 , 1 , 0 , 0 , 0 , 1 , 1 , 0 , 0 , 0 , 0 , 0 , .333 , .600 , .333 , .933 , .482 , 206.5 , 0.08 , 0.03 
133,문상철,22K1B, 0.07 , 28 , 52 , 49 , 5 , 11 , 3 , 0 , 2 , 20 , 4 , 1 , 0 , 3 , 0 , 0 , 17 , 2 , 0 , 0 , .224 , .269 , .408 , .677 , .306 , 84.3 , 0.07 , -0.27 
134,김선우,22K, 0.06 , 3 , 4 , 3 , 1 , 1 , 0 , 0 , 0 , 1 , 0 , 0 , 0 , 0 , 1 , 0 , 0 , 0 , 0 , 0 , .333 , .500 , .333 , .833 , .423 , 166.1 , 0.06 , 0.05 
135,최준우,22S2B, 0.05 , 10 , 16 , 12 , 0 , 3 , 0 , 0 , 0 , 3 , 1 , 0 , 0 , 3 , 0 , 0 , 3 , 0 , 0 , 1 , .250 , .375 , .250 , .625 , .311 , 89.1 , 0.05 , -0.06 
136,송승환,22두LF, 0.04 , 11 , 28 , 28 , 3 , 7 , 1 , 0 , 1 , 11 , 4 , 0 , 0 , 0 , 0 , 0 , 7 , 0 , 0 , 0 , .250 , .250 , .393 , .643 , .290 , 81.2 , 0.04 , 0.22 
137,문상준,22KSS, 0.04 , 2 , 3 , 3 , 0 , 1 , 1 , 0 , 0 , 2 , 0 , 0 , 0 , 0 , 0 , 0 , 2 , 0 , 0 , 0 , .333 , .333 , .667 , 1.000 , .439 , 171.0 , 0.04 , 0.07 
138,김민수,22롯3B, 0.04 , 57 , 156 , 140 , 9 , 36 , 6 , 0 , 0 , 42 , 11 , 0 , 1 , 9 , 4 , 0 , 48 , 2 , 3 , 0 , .257 , .320 , .300 , .620 , .293 , 73.7 , 0.04 , 0.23 
139,권혁경,22KC, 0.04 , 2 , 2 , 2 , 0 , 1 , 0 , 0 , 0 , 1 , 1 , 0 , 0 , 0 , 0 , 0 , 0 , 0 , 0 , 0 , .500 , .500 , .500 , 1.000 , .471 , 199.9 , 0.04 , 0.02 
140,안상현,22S2B, 0.03 , 46 , 47 , 38 , 12 , 6 , 0 , 0 , 2 , 12 , 5 , 2 , 0 , 5 , 1 , 0 , 12 , 2 , 3 , 0 , .158 , .273 , .316 , .589 , .261 , 50.6 , 0.03 , -0.29 
141,이형종,22LDH, 0.03 , 26 , 63 , 53 , 3 , 14 , 3 , 0 , 0 , 17 , 7 , 0 , 0 , 5 , 1 , 0 , 10 , 0 , 1 , 3 , .264 , .323 , .321 , .643 , .296 , 80.5 , 0.03 , 0.27 
142,박찬혁,22키DH, 0.03 , 52 , 175 , 161 , 13 , 34 , 5 , 0 , 6 , 57 , 17 , 0 , 1 , 9 , 5 , 0 , 67 , 1 , 0 , 0 , .211 , .274 , .354 , .628 , .291 , 81.8 , 0.03 , -0.36 
143,안재석,22두SS, 0.02 , 99 , 264 , 235 , 22 , 50 , 10 , 0 , 3 , 69 , 17 , 4 , 0 , 19 , 4 , 1 , 71 , 5 , 4 , 2 , .213 , .281 , .294 , .574 , .267 , 61.8 , 0.02 , -0.88 
144,강백호,22KDH, 0.02 , 62 , 264 , 237 , 24 , 58 , 12 , 0 , 6 , 88 , 29 , 0 , 0 , 23 , 1 , 2 , 44 , 6 , 1 , 2 , .245 , .312 , .371 , .683 , .312 , 88.8 , 0.02 , 0.16 
145,김동진,22삼2B, 0.02 , 5 , 4 , 4 , 0 , 1 , 1 , 0 , 0 , 2 , 0 , 0 , 0 , 0 , 0 , 0 , 2 , 0 , 0 , 0 , .250 , .250 , .500 , .750 , .330 , 104.7 , 0.02 , 0.02 
146,전진영,22KDH, 0.02 , 4 , 3 , 3 , 0 , 1 , 0 , 0 , 0 , 1 , 1 , 0 , 0 , 0 , 0 , 0 , 0 , 0 , 0 , 0 , .333 , .333 , .333 , .667 , .314 , 89.0 , 0.02 , 0.00 
147,박계범,22두3B, 0.02 , 77 , 168 , 145 , 21 , 32 , 8 , 0 , 2 , 46 , 14 , 5 , 3 , 12 , 3 , 1 , 40 , 1 , 6 , 2 , .221 , .290 , .317 , .607 , .273 , 66.4 , 0.02 , -0.89 
148,박유연,22두C, 0.01 , 13 , 19 , 17 , 0 , 4 , 0 , 0 , 0 , 4 , 2 , 0 , 0 , 1 , 1 , 0 , 5 , 1 , 0 , 0 , .235 , .316 , .235 , .551 , .276 , 64.6 , 0.01 , 0.04 
149,안중열,22롯C, 0.01 , 33 , 84 , 71 , 8 , 11 , 0 , 0 , 2 , 17 , 2 , 0 , 1 , 11 , 2 , 0 , 19 , 2 , 0 , 0 , .155 , .286 , .239 , .525 , .262 , 55.7 , 0.01 , -0.51 
150,이정범,22SRF, 0.00 , 7 , 11 , 11 , 2 , 3 , 0 , 0 , 0 , 3 , 1 , 0 , 0 , 0 , 0 , 0 , 2 , 0 , 0 , 0 , .273 , .273 , .273 , .546 , .257 , 53.0 , 0.00 , -0.03 
151,최용제,22두, 0.00 , 1 , 1 , 0 , 0 , 0 , 0 , 0 , 0 , 0 , 0 , 0 , 0 , 0 , 1 , 0 , 0 , 0 , 0 , 0 ,  , 1.000 ,  ,  , .749 ,  , 0.00 , 0.03 
152,박재욱,22LC, 0.00 , 1 , 0 , 0 , 0 , 0 , 0 , 0 , 0 , 0 , 0 , 0 , 0 , 0 , 0 , 0 , 0 , 0 , 0 , 0 ,  ,  ,  ,  ,  ,  , 0.00 , 0.00 
153,신준우,22키SS, 0.00 , 76 , 54 , 43 , 6 , 6 , 3 , 0 , 0 , 9 , 0 , 0 , 0 , 7 , 2 , 0 , 19 , 0 , 2 , 0 , .140 , .289 , .209 , .498 , .246 , 45.5 , 0.00 , -0.23 
154,고명성,22K, 0.00 , 1 , 0 , 0 , 0 , 0 , 0 , 0 , 0 , 0 , 0 , 0 , 0 , 0 , 0 , 0 , 0 , 0 , 0 , 0 ,  ,  ,  ,  ,  ,  , 0.00 , 0.00 
155,김재유,22롯, 0.00 , 1 , 0 , 0 , 0 , 0 , 0 , 0 , 0 , 0 , 0 , 0 , 0 , 0 , 0 , 0 , 0 , 0 , 0 , 0 ,  ,  ,  ,  ,  ,  , 0.00 , 0.03 
,강상원,22한, 0.00 , 1 , 0 , 0 , 0 , 0 , 0 , 0 , 0 , 0 , 0 , 0 , 0 , 0 , 0 , 0 , 0 , 0 , 0 , 0 ,  ,  ,  ,  ,  ,  , 0.00 , 0.00 
157,박용택,22LLF, 0.00 , 1 , 0 , 0 , 0 , 0 , 0 , 0 , 0 , 0 , 0 , 0 , 0 , 0 , 0 , 0 , 0 , 0 , 0 , 0 ,  ,  ,  ,  ,  ,  , 0.00 , 0.00 
,이승진,22두P, 0.00 , 1 , 0 , 0 , 0 , 0 , 0 , 0 , 0 , 0 , 0 , 0 , 0 , 0 , 0 , 0 , 0 , 0 , 0 , 0 ,  ,  ,  ,  ,  ,  , 0.00 , 0.00 
,배재준,22LP, 0.00 , 1 , 0 , 0 , 0 , 0 , 0 , 0 , 0 , 0 , 0 , 0 , 0 , 0 , 0 , 0 , 0 , 0 , 0 , 0 ,  ,  ,  ,  ,  ,  , 0.00 , 0.00 
,김서준,22삼P, 0.00 , 1 , 0 , 0 , 0 , 0 , 0 , 0 , 0 , 0 , 0 , 0 , 0 , 0 , 0 , 0 , 0 , 0 , 0 , 0 ,  ,  ,  ,  ,  ,  , 0.00 , 0.00 
,박승주,22키P, 0.00 , 1 , 0 , 0 , 0 , 0 , 0 , 0 , 0 , 0 , 0 , 0 , 0 , 0 , 0 , 0 , 0 , 0 , 0 , 0 ,  ,  ,  ,  ,  ,  , 0.00 , 0.00 
,오승환,22삼P, 0.00 , 3 , 0 , 0 , 0 , 0 , 0 , 0 , 0 , 0 , 0 , 0 , 0 , 0 , 0 , 0 , 0 , 0 , 0 , 0 ,  ,  ,  ,  ,  ,  , 0.00 , 0.00 
,채지선,22LP, 0.00 , 1 , 0 , 0 , 0 , 0 , 0 , 0 , 0 , 0 , 0 , 0 , 0 , 0 , 0 , 0 , 0 , 0 , 0 , 0 ,  ,  ,  ,  ,  ,  , 0.00 , 0.00 
,김범수,22한P, 0.00 , 1 , 0 , 0 , 0 , 0 , 0 , 0 , 0 , 0 , 0 , 0 , 0 , 0 , 0 , 0 , 0 , 0 , 0 , 0 ,  ,  ,  ,  ,  ,  , 0.00 , 0.00 
,이상민,22삼P, 0.00 , 1 , 0 , 0 , 0 , 0 , 0 , 0 , 0 , 0 , 0 , 0 , 0 , 0 , 0 , 0 , 0 , 0 , 0 , 0 ,  ,  ,  ,  ,  ,  , 0.00 , 0.00 
,우규민,22삼P, 0.00 , 1 , 0 , 0 , 0 , 0 , 0 , 0 , 0 , 0 , 0 , 0 , 0 , 0 , 0 , 0 , 0 , 0 , 0 , 0 ,  ,  ,  ,  ,  ,  , 0.00 , 0.00 
,홍정우,22삼P, 0.00 , 2 , 0 , 0 , 0 , 0 , 0 , 0 , 0 , 0 , 0 , 0 , 0 , 0 , 0 , 0 , 0 , 0 , 0 , 0 ,  ,  ,  ,  ,  ,  , 0.00 , 0.00 
,배제성,22KSS, 0.00 , 1 , 0 , 0 , 0 , 0 , 0 , 0 , 0 , 0 , 0 , 0 , 0 , 0 , 0 , 0 , 0 , 0 , 0 , 0 ,  ,  ,  ,  ,  ,  , 0.00 , 0.00 
,서동민,22SP, 0.00 , 1 , 0 , 0 , 0 , 0 , 0 , 0 , 0 , 0 , 0 , 0 , 0 , 0 , 0 , 0 , 0 , 0 , 0 , 0 ,  ,  ,  ,  ,  ,  , 0.00 , 0.00 
,장시환,22한P, 0.00 , 3 , 0 , 0 , 0 , 0 , 0 , 0 , 0 , 0 , 0 , 0 , 0 , 0 , 0 , 0 , 0 , 0 , 0 , 0 ,  ,  ,  ,  ,  ,  , 0.00 , 0.00 
,최민준,22SP, 0.00 , 1 , 0 , 0 , 0 , 0 , 0 , 0 , 0 , 0 , 0 , 0 , 0 , 0 , 0 , 0 , 0 , 0 , 0 , 0 ,  ,  ,  ,  ,  ,  , 0.00 , 0.00 
,진해수,22LP, 0.00 , 1 , 0 , 0 , 0 , 0 , 0 , 0 , 0 , 0 , 0 , 0 , 0 , 0 , 0 , 0 , 0 , 0 , 0 , 0 ,  ,  ,  ,  ,  ,  , 0.00 , 0.00 
,신정락,22한P, 0.00 , 1 , 0 , 0 , 0 , 0 , 0 , 0 , 0 , 0 , 0 , 0 , 0 , 0 , 0 , 0 , 0 , 0 , 0 , 0 ,  ,  ,  ,  ,  ,  , 0.00 , 0.00 
,김지용,22두P, 0.00 , 3 , 0 , 0 , 0 , 0 , 0 , 0 , 0 , 0 , 0 , 0 , 0 , 0 , 0 , 0 , 0 , 0 , 0 , 0 ,  ,  ,  ,  ,  ,  , 0.00 , 0.00 
,원종현,22NP, 0.00 , 1 , 0 , 0 , 0 , 0 , 0 , 0 , 0 , 0 , 0 , 0 , 0 , 0 , 0 , 0 , 0 , 0 , 0 , 0 ,  ,  ,  ,  ,  ,  , 0.00 , 0.00 
,김택형,22SP, 0.00 , 1 , 0 , 0 , 0 , 0 , 0 , 0 , 0 , 0 , 0 , 0 , 0 , 0 , 0 , 0 , 0 , 0 , 0 , 0 ,  ,  ,  ,  ,  ,  , 0.00 , 0.00 
,윤명준,22두P, 0.00 , 1 , 0 , 0 , 0 , 0 , 0 , 0 , 0 , 0 , 0 , 0 , 0 , 0 , 0 , 0 , 0 , 0 , 0 , 0 ,  ,  ,  ,  ,  ,  , 0.00 , 0.00 
,이용준,22NP, 0.00 , 1 , 0 , 0 , 0 , 0 , 0 , 0 , 0 , 0 , 0 , 0 , 0 , 0 , 0 , 0 , 0 , 0 , 0 , 0 ,  ,  ,  ,  ,  ,  , 0.00 , 0.00 
,홍건희,22두P, 0.00 , 7 , 0 , 0 , 0 , 0 , 0 , 0 , 0 , 0 , 0 , 0 , 0 , 0 , 0 , 0 , 0 , 0 , 0 , 0 ,  ,  ,  ,  ,  ,  , 0.00 , 0.00 
,김태경,22NP, 0.00 , 2 , 0 , 0 , 0 , 0 , 0 , 0 , 0 , 0 , 0 , 0 , 0 , 0 , 0 , 0 , 0 , 0 , 0 , 0 ,  ,  ,  ,  ,  ,  , 0.00 , 0.00 
,김재윤,22KP, 0.00 , 1 , 0 , 0 , 0 , 0 , 0 , 0 , 0 , 0 , 0 , 0 , 0 , 0 , 0 , 0 , 0 , 0 , 0 , 0 ,  ,  ,  ,  ,  ,  , 0.00 , 0.00 
,지명성,22KP, 0.00 , 1 , 0 , 0 , 0 , 0 , 0 , 0 , 0 , 0 , 0 , 0 , 0 , 0 , 0 , 0 , 0 , 0 , 0 , 0 ,  ,  ,  ,  ,  ,  , 0.00 , 0.00 
,문경찬,22롯P, 0.00 , 1 , 0 , 0 , 0 , 0 , 0 , 0 , 0 , 0 , 0 , 0 , 0 , 0 , 0 , 0 , 0 , 0 , 0 , 0 ,  ,  ,  ,  ,  ,  , 0.00 , 0.00 
,박영현,22KP, 0.00 , 4 , 0 , 0 , 0 , 0 , 0 , 0 , 0 , 0 , 0 , 0 , 0 , 0 , 0 , 0 , 0 , 0 , 0 , 0 ,  ,  ,  ,  ,  ,  , 0.00 , 0.00 
,심재민,22KP, 0.00 , 2 , 0 , 0 , 0 , 0 , 0 , 0 , 0 , 0 , 0 , 0 , 0 , 0 , 0 , 0 , 0 , 0 , 0 , 0 ,  ,  ,  ,  ,  ,  , 0.00 , 0.00 
,김강률,22두P, 0.00 , 5 , 0 , 0 , 0 , 0 , 0 , 0 , 0 , 0 , 0 , 0 , 0 , 0 , 0 , 0 , 0 , 0 , 0 , 0 ,  ,  ,  ,  ,  ,  , 0.00 , 0.00 
,박정수,22두P, 0.00 , 1 , 0 , 0 , 0 , 0 , 0 , 0 , 0 , 0 , 0 , 0 , 0 , 0 , 0 , 0 , 0 , 0 , 0 , 0 ,  ,  ,  ,  ,  ,  , 0.00 , 0.00 
,이용찬,22NP, 0.00 , 4 , 0 , 0 , 0 , 0 , 0 , 0 , 0 , 0 , 0 , 0 , 0 , 0 , 0 , 0 , 0 , 0 , 0 , 0 ,  ,  ,  ,  ,  ,  , 0.00 , 0.00 
,최동환,22LP, 0.00 , 4 , 0 , 0 , 0 , 0 , 0 , 0 , 0 , 0 , 0 , 0 , 0 , 0 , 0 , 0 , 0 , 0 , 0 , 0 ,  ,  ,  ,  ,  ,  , 0.00 , 0.00 
,김성진,22키P, 0.00 , 2 , 0 , 0 , 0 , 0 , 0 , 0 , 0 , 0 , 0 , 0 , 0 , 0 , 0 , 0 , 0 , 0 , 0 , 0 ,  ,  ,  ,  ,  ,  , 0.00 , 0.00 
,하영민,22키P, 0.00 , 3 , 0 , 0 , 0 , 0 , 0 , 0 , 0 , 0 , 0 , 0 , 0 , 0 , 0 , 0 , 0 , 0 , 0 , 0 ,  ,  ,  ,  ,  ,  , 0.00 , 0.00 
,송은범,22LP, 0.00 , 2 , 0 , 0 , 0 , 0 , 0 , 0 , 0 , 0 , 0 , 0 , 0 , 0 , 0 , 0 , 0 , 0 , 0 , 0 ,  ,  ,  ,  ,  ,  , 0.00 , 0.00 
,박주혁,22삼P, 0.00 , 2 , 0 , 0 , 0 , 0 , 0 , 0 , 0 , 0 , 0 , 0 , 0 , 0 , 0 , 0 , 0 , 0 , 0 , 0 ,  ,  ,  ,  ,  ,  , 0.00 , 0.00 
,정철원,22두P, 0.00 , 2 , 0 , 0 , 0 , 0 , 0 , 0 , 0 , 0 , 0 , 0 , 0 , 0 , 0 , 0 , 0 , 0 , 0 , 0 ,  ,  ,  ,  ,  ,  , 0.00 , 0.00 
,최성훈,22LP, 0.00 , 2 , 0 , 0 , 0 , 0 , 0 , 0 , 0 , 0 , 0 , 0 , 0 , 0 , 0 , 0 , 0 , 0 , 0 , 0 ,  ,  ,  ,  ,  ,  , 0.00 , 0.00 
,박민호,22SP, 0.00 , 1 , 0 , 0 , 0 , 0 , 0 , 0 , 0 , 0 , 0 , 0 , 0 , 0 , 0 , 0 , 0 , 0 , 0 , 0 ,  ,  ,  ,  ,  ,  , 0.00 , 0.00 
,하준영,22NP, 0.00 , 1 , 0 , 0 , 0 , 0 , 0 , 0 , 0 , 0 , 0 , 0 , 0 , 0 , 0 , 0 , 0 , 0 , 0 , 0 ,  ,  ,  ,  ,  ,  , 0.00 , 0.00 
,김명신,22두P, 0.00 , 3 , 0 , 0 , 0 , 0 , 0 , 0 , 0 , 0 , 0 , 0 , 0 , 0 , 0 , 0 , 0 , 0 , 0 , 0 ,  ,  ,  ,  ,  ,  , 0.00 , 0.00 
,송승기,22LP, 0.00 , 1 , 0 , 0 , 0 , 0 , 0 , 0 , 0 , 0 , 0 , 0 , 0 , 0 , 0 , 0 , 0 , 0 , 0 , 0 ,  ,  ,  ,  ,  ,  , 0.00 , 0.00 
,한재승,22NP, 0.00 , 1 , 0 , 0 , 0 , 0 , 0 , 0 , 0 , 0 , 0 , 0 , 0 , 0 , 0 , 0 , 0 , 0 , 0 , 0 ,  ,  ,  ,  ,  ,  , 0.00 , 0.00 
,허준혁,22LP, 0.00 , 1 , 0 , 0 , 0 , 0 , 0 , 0 , 0 , 0 , 0 , 0 , 0 , 0 , 0 , 0 , 0 , 0 , 0 , 0 ,  ,  ,  ,  ,  ,  , 0.00 , 0.00 
,김진호,22NP, 0.00 , 1 , 0 , 0 , 0 , 0 , 0 , 0 , 0 , 0 , 0 , 0 , 0 , 0 , 0 , 0 , 0 , 0 , 0 , 0 ,  ,  ,  ,  ,  ,  , 0.00 , 0.00 
,애플러,22키P, 0.00 , 1 , 0 , 0 , 0 , 0 , 0 , 0 , 0 , 0 , 0 , 0 , 0 , 0 , 0 , 0 , 0 , 0 , 0 , 0 ,  ,  ,  ,  ,  ,  , 0.00 , 0.00 
,주현상,22한P, 0.00 , 2 , 0 , 0 , 0 , 0 , 0 , 0 , 0 , 0 , 0 , 0 , 0 , 0 , 0 , 0 , 0 , 0 , 0 , 0 ,  ,  ,  ,  ,  ,  , 0.00 , 0.00 
,윤호솔,22한P, 0.00 , 1 , 0 , 0 , 0 , 0 , 0 , 0 , 0 , 0 , 0 , 0 , 0 , 0 , 0 , 0 , 0 , 0 , 0 , 0 ,  ,  ,  ,  ,  ,  , 0.00 , 0.00 
,구승민,22롯P, 0.00 , 1 , 0 , 0 , 0 , 0 , 0 , 0 , 0 , 0 , 0 , 0 , 0 , 0 , 0 , 0 , 0 , 0 , 0 , 0 ,  ,  ,  ,  ,  ,  , 0.00 , 0.00 
,김동주,22두P, 0.00 , 1 , 0 , 0 , 0 , 0 , 0 , 0 , 0 , 0 , 0 , 0 , 0 , 0 , 0 , 0 , 0 , 0 , 0 , 0 ,  ,  ,  ,  ,  ,  , 0.00 , 0.00 
,노운현,22키P, 0.00 , 1 , 0 , 0 , 0 , 0 , 0 , 0 , 0 , 0 , 0 , 0 , 0 , 0 , 0 , 0 , 0 , 0 , 0 , 0 ,  ,  ,  ,  ,  ,  , 0.00 , 0.00 
,박신지,22두P, 0.00 , 1 , 0 , 0 , 0 , 0 , 0 , 0 , 0 , 0 , 0 , 0 , 0 , 0 , 0 , 0 , 0 , 0 , 0 , 0 ,  ,  ,  ,  ,  ,  , 0.00 , 0.00 
,함덕주,22LP, 0.00 , 1 , 0 , 0 , 0 , 0 , 0 , 0 , 0 , 0 , 0 , 0 , 0 , 0 , 0 , 0 , 0 , 0 , 0 , 0 ,  ,  ,  ,  ,  ,  , 0.00 , 0.00 
,김원중,22롯P, 0.00 , 1 , 0 , 0 , 0 , 0 , 0 , 0 , 0 , 0 , 0 , 0 , 0 , 0 , 0 , 0 , 0 , 0 , 0 , 0 ,  ,  ,  ,  ,  ,  , 0.00 , 0.00 
,임창민,22두P, 0.00 , 3 , 0 , 0 , 0 , 0 , 0 , 0 , 0 , 0 , 0 , 0 , 0 , 0 , 0 , 0 , 0 , 0 , 0 , 0 ,  ,  ,  ,  ,  ,  , 0.00 , 0.00 
,박주성,22키P, 0.00 , 2 , 0 , 0 , 0 , 0 , 0 , 0 , 0 , 0 , 0 , 0 , 0 , 0 , 0 , 0 , 0 , 0 , 0 , 0 ,  ,  ,  ,  ,  ,  , 0.00 , 0.00 
,조요한,22SP, 0.00 , 1 , 0 , 0 , 0 , 0 , 0 , 0 , 0 , 0 , 0 , 0 , 0 , 0 , 0 , 0 , 0 , 0 , 0 , 0 ,  ,  ,  ,  ,  ,  , 0.00 , 0.00 
,김태훈,22키P, 0.00 , 1 , 0 , 0 , 0 , 0 , 0 , 0 , 0 , 0 , 0 , 0 , 0 , 0 , 0 , 0 , 0 , 0 , 0 , 0 ,  ,  ,  ,  ,  ,  , 0.00 , 0.00 
,김민우,22한P, 0.00 , 1 , 0 , 0 , 0 , 0 , 0 , 0 , 0 , 0 , 0 , 0 , 0 , 0 , 0 , 0 , 0 , 0 , 0 , 0 ,  ,  ,  ,  ,  ,  , 0.00 , 0.00 
,김진성,22LP, 0.00 , 2 , 0 , 0 , 0 , 0 , 0 , 0 , 0 , 0 , 0 , 0 , 0 , 0 , 0 , 0 , 0 , 0 , 0 , 0 ,  ,  ,  ,  ,  ,  , 0.00 , 0.00 
,이상우,22KP, 0.00 , 1 , 0 , 0 , 0 , 0 , 0 , 0 , 0 , 0 , 0 , 0 , 0 , 0 , 0 , 0 , 0 , 0 , 0 , 0 ,  ,  ,  ,  ,  ,  , 0.00 , 0.00 
,김재열,22KP, 0.00 , 1 , 0 , 0 , 0 , 0 , 0 , 0 , 0 , 0 , 0 , 0 , 0 , 0 , 0 , 0 , 0 , 0 , 0 , 0 ,  ,  ,  ,  ,  ,  , 0.00 , 0.00 
,정우영,22LP, 0.00 , 1 , 0 , 0 , 0 , 0 , 0 , 0 , 0 , 0 , 0 , 0 , 0 , 0 , 0 , 0 , 0 , 0 , 0 , 0 ,  ,  ,  ,  ,  ,  , 0.00 , 0.00 
,백승현,22LP, 0.00 , 1 , 0 , 0 , 0 , 0 , 0 , 0 , 0 , 0 , 0 , 0 , 0 , 0 , 0 , 0 , 0 , 0 , 0 , 0 ,  ,  ,  ,  ,  ,  , 0.00 , 0.00 
,장원준,22두P, 0.00 , 1 , 0 , 0 , 0 , 0 , 0 , 0 , 0 , 0 , 0 , 0 , 0 , 0 , 0 , 0 , 0 , 0 , 0 , 0 ,  ,  ,  ,  ,  ,  , 0.00 , 0.00 
,주권,22KP, 0.00 , 1 , 0 , 0 , 0 , 0 , 0 , 0 , 0 , 0 , 0 , 0 , 0 , 0 , 0 , 0 , 0 , 0 , 0 , 0 ,  ,  ,  ,  ,  ,  , 0.00 , 0.00 
,강윤구,22롯P, 0.00 , 1 , 0 , 0 , 0 , 0 , 0 , 0 , 0 , 0 , 0 , 0 , 0 , 0 , 0 , 0 , 0 , 0 , 0 , 0 ,  ,  ,  ,  ,  ,  , 0.00 , 0.00 
,류진욱,22NP, 0.00 , 1 , 0 , 0 , 0 , 0 , 0 , 0 , 0 , 0 , 0 , 0 , 0 , 0 , 0 , 0 , 0 , 0 , 0 , 0 ,  ,  ,  ,  ,  ,  , 0.00 , 0.00 
,고효준,22SP, 0.00 , 2 , 0 , 0 , 0 , 0 , 0 , 0 , 0 , 0 , 0 , 0 , 0 , 0 , 0 , 0 , 0 , 0 , 0 , 0 ,  ,  ,  ,  ,  ,  , 0.00 , 0.00 
,류희운,22KP, 0.00 , 2 , 0 , 0 , 0 , 0 , 0 , 0 , 0 , 0 , 0 , 0 , 0 , 0 , 0 , 0 , 0 , 0 , 0 , 0 ,  ,  ,  ,  ,  ,  , 0.00 , 0.00 
,이정현,22KP, 0.00 , 1 , 0 , 0 , 0 , 0 , 0 , 0 , 0 , 0 , 0 , 0 , 0 , 0 , 0 , 0 , 0 , 0 , 0 , 0 ,  ,  ,  ,  ,  ,  , 0.00 , 0.00 
229,이재홍,22키3B, -0.01 , 4 , 4 , 4 , 0 , 1 , 0 , 0 , 0 , 1 , 0 , 0 , 0 , 0 , 0 , 0 , 2 , 0 , 0 , 0 , .250 , .250 , .250 , .500 , .236 , 40.7 , -0.01 , -0.06 
230,박주홍,22키LF, -0.01 , 21 , 57 , 49 , 4 , 11 , 1 , 1 , 0 , 14 , 3 , 0 , 0 , 8 , 0 , 1 , 18 , 1 , 0 , 0 , .224 , .333 , .286 , .619 , .294 , 78.7 , -0.01 , -0.22 
231,박정우,22KDH, -0.01 , 2 , 0 , 0 , 1 , 0 , 0 , 0 , 0 , 0 , 0 , 0 , 0 , 0 , 0 , 0 , 0 , 0 , 0 , 0 ,  ,  ,  ,  ,  ,  , -0.01 , 0.00 
232,백용환,22한, -0.02 , 4 , 5 , 5 , 1 , 1 , 1 , 0 , 0 , 2 , 0 , 0 , 0 , 0 , 0 , 0 , 1 , 0 , 0 , 0 , .200 , .200 , .400 , .600 , .264 , 58.0 , -0.02 , -0.14 
233,김민성,22L3B, -0.02 , 92 , 157 , 140 , 16 , 29 , 4 , 0 , 3 , 42 , 20 , 0 , 1 , 10 , 3 , 0 , 27 , 4 , 3 , 1 , .207 , .273 , .300 , .573 , .265 , 61.8 , -0.02 , -0.07 
234,노수광,22한LF, -0.02 , 117 , 361 , 315 , 33 , 72 , 18 , 6 , 4 , 114 , 30 , 17 , 6 , 32 , 1 , 1 , 107 , 2 , 10 , 3 , .229 , .299 , .362 , .661 , .296 , 80.3 , -0.02 , -0.45 
235,고우석,22L, -0.02 , 4 , 1 , 1 , 0 , 0 , 0 , 0 , 0 , 0 , 0 , 0 , 0 , 0 , 0 , 0 , 0 , 0 , 0 , 0 , .000 , .000 , .000 , .000 , .000 , -124.0 , -0.02 , -0.05 
236,전경원,22S, -0.02 , 1 , 1 , 1 , 0 , 0 , 0 , 0 , 0 , 0 , 0 , 0 , 0 , 0 , 0 , 0 , 0 , 0 , 0 , 0 , .000 , .000 , .000 , .000 , .000 , -124.0 , -0.02 , -0.00 
237,나지완,22K, -0.02 , 2 , 1 , 1 , 0 , 0 , 0 , 0 , 0 , 0 , 0 , 0 , 0 , 0 , 0 , 0 , 0 , 0 , 0 , 0 , .000 , .000 , .000 , .000 , .000 , -124.0 , -0.02 , 0.00 
238,조형우,22SC, -0.02 , 9 , 13 , 12 , 2 , 2 , 1 , 0 , 0 , 3 , 1 , 0 , 0 , 1 , 0 , 0 , 3 , 0 , 0 , 0 , .167 , .231 , .250 , .481 , .229 , 33.2 , -0.02 , -0.10 
239,강민국,22키SS, -0.03 , 3 , 4 , 3 , 0 , 0 , 0 , 0 , 0 , 0 , 1 , 0 , 0 , 1 , 0 , 0 , 1 , 0 , 0 , 0 , .000 , .250 , .000 , .250 , .179 , 0.8 , -0.03 , 0.24 
240,김세민,22롯2B, -0.03 , 4 , 4 , 1 , 1 , 0 , 0 , 0 , 0 , 0 , 0 , 0 , 0 , 1 , 0 , 0 , 0 , 0 , 2 , 0 , .000 , .500 , .000 , .500 , .179 , -1.5 , -0.03 , 0.00 
241,김기연,22LC, -0.03 , 12 , 9 , 9 , 0 , 2 , 0 , 0 , 0 , 2 , 1 , 0 , 0 , 0 , 0 , 0 , 3 , 0 , 0 , 0 , .222 , .222 , .222 , .444 , .210 , 19.1 , -0.03 , -0.06 
242,박민,22K, -0.04 , 6 , 2 , 2 , 1 , 0 , 0 , 0 , 0 , 0 , 0 , 0 , 0 , 0 , 0 , 0 , 0 , 0 , 0 , 0 , .000 , .000 , .000 , .000 , .000 , -124.0 , -0.04 , -0.01 
243,임석진,22K3B, -0.04 , 10 , 17 , 14 , 4 , 1 , 0 , 0 , 1 , 4 , 1 , 0 , 0 , 2 , 1 , 0 , 9 , 1 , 0 , 0 , .071 , .235 , .286 , .521 , .251 , 46.4 , -0.04 , -0.15 
244,최민창,22LLF, -0.04 , 4 , 5 , 5 , 1 , 1 , 0 , 0 , 0 , 1 , 0 , 0 , 0 , 0 , 0 , 0 , 1 , 0 , 0 , 0 , .200 , .200 , .200 , .400 , .189 , 4.9 , -0.04 , -0.15 
245,이천웅,22L, -0.04 , 19 , 23 , 20 , 3 , 4 , 0 , 0 , 0 , 4 , 0 , 0 , 0 , 3 , 0 , 0 , 3 , 0 , 0 , 0 , .200 , .304 , .200 , .504 , .258 , 52.1 , -0.04 , -0.01 
246,이유찬,22두SS, -0.04 , 13 , 31 , 29 , 3 , 7 , 0 , 0 , 1 , 10 , 2 , 1 , 1 , 0 , 0 , 0 , 12 , 0 , 1 , 1 , .241 , .233 , .345 , .578 , .250 , 51.6 , -0.04 , -0.18 
247,권민석,22두3B, -0.04 , 16 , 3 , 3 , 3 , 0 , 0 , 0 , 0 , 0 , 0 , 0 , 0 , 0 , 0 , 0 , 1 , 0 , 0 , 0 , .000 , .000 , .000 , .000 , .000 , -124.0 , -0.04 , -0.02 
248,박정우,22KCF, -0.04 , 14 , 3 , 3 , 1 , 1 , 0 , 0 , 0 , 1 , 2 , 0 , 0 , 0 , 0 , 0 , 1 , 0 , 0 , 0 , .333 , .333 , .333 , .667 , .314 , 91.8 , -0.04 , 0.11 
249,강로한,22롯DH, -0.04 , 1 , 0 , 0 , 0 , 0 , 0 , 0 , 0 , 0 , 0 , 0 , 1 , 0 , 0 , 0 , 0 , 0 , 0 , 0 ,  ,  ,  ,  ,  ,  , -0.04 , -0.08 
250,이명기,22키DH, -0.04 , 2 , 4 , 4 , 0 , 1 , 0 , 0 , 0 , 1 , 0 , 0 , 0 , 0 , 0 , 0 , 2 , 0 , 0 , 0 , .250 , .250 , .250 , .500 , .236 , 40.7 , -0.04 , -0.06 
251,홍현빈,22KRF, -0.04 , 61 , 92 , 76 , 8 , 18 , 2 , 0 , 0 , 20 , 1 , 4 , 0 , 10 , 0 , 0 , 26 , 1 , 6 , 0 , .237 , .326 , .263 , .589 , .271 , 60.2 , -0.04 , -0.77 
252,안익훈,22LRF, -0.05 , 14 , 4 , 3 , 0 , 0 , 0 , 0 , 0 , 0 , 0 , 0 , 0 , 1 , 0 , 0 , 0 , 0 , 0 , 0 , .000 , .250 , .000 , .250 , .179 , -1.6 , -0.05 , -0.03 
253,허관회,22한DH, -0.05 , 15 , 25 , 23 , 3 , 5 , 2 , 0 , 0 , 7 , 1 , 1 , 0 , 1 , 0 , 0 , 7 , 2 , 1 , 0 , .217 , .250 , .304 , .554 , .247 , 46.3 , -0.05 , 0.08 
254,오태양,22N, -0.05 , 15 , 4 , 3 , 5 , 0 , 0 , 0 , 0 , 0 , 0 , 2 , 2 , 0 , 1 , 0 , 1 , 0 , 0 , 0 , .000 , .250 , .000 , .250 , .187 , 5.4 , -0.05 , -0.16 
255,김호은,22L1B, -0.05 , 2 , 2 , 2 , 0 , 0 , 0 , 0 , 0 , 0 , 0 , 0 , 0 , 0 , 0 , 0 , 1 , 0 , 0 , 0 , .000 , .000 , .000 , .000 , .000 , -124.0 , -0.05 , -0.06 
256,이재현,22삼SS, -0.05 , 75 , 239 , 230 , 23 , 54 , 4 , 0 , 7 , 79 , 23 , 0 , 0 , 5 , 1 , 0 , 44 , 6 , 3 , 0 , .235 , .254 , .343 , .598 , .271 , 59.0 , -0.05 , -0.82 
257,김웅빈,22키DH, -0.05 , 45 , 135 , 115 , 17 , 26 , 5 , 1 , 1 , 36 , 11 , 0 , 2 , 13 , 4 , 1 , 38 , 2 , 3 , 0 , .226 , .326 , .313 , .639 , .297 , 81.5 , -0.05 , -0.84 
258,문상인,22K, -0.06 , 12 , 3 , 3 , 2 , 0 , 0 , 0 , 0 , 0 , 0 , 0 , 0 , 0 , 0 , 0 , 2 , 1 , 0 , 0 , .000 , .000 , .000 , .000 , .000 , -124.0 , -0.06 , -0.01 
259,전민수,22NDH, -0.06 , 20 , 41 , 40 , 3 , 11 , 2 , 0 , 0 , 13 , 2 , 0 , 0 , 1 , 0 , 0 , 14 , 0 , 0 , 0 , .275 , .293 , .325 , .618 , .289 , 76.6 , -0.06 , 0.26 
260,김재호,22두SS, -0.06 , 102 , 264 , 223 , 26 , 48 , 7 , 0 , 1 , 58 , 21 , 0 , 2 , 28 , 2 , 0 , 33 , 5 , 7 , 4 , .215 , .304 , .260 , .564 , .267 , 60.6 , -0.06 , -1.91 
261,이상호,22L2B, -0.06 , 60 , 80 , 72 , 9 , 18 , 2 , 0 , 0 , 20 , 5 , 1 , 2 , 4 , 1 , 0 , 6 , 1 , 3 , 0 , .250 , .299 , .278 , .577 , .267 , 59.5 , -0.06 , -0.24 
262,정범모,22NC, -0.07 , 5 , 7 , 7 , 0 , 1 , 0 , 0 , 0 , 1 , 1 , 0 , 0 , 0 , 0 , 0 , 1 , 0 , 0 , 0 , .143 , .143 , .143 , .286 , .135 , -30.2 , -0.07 , -0.01 
263,신범수,22KC, -0.07 , 2 , 3 , 3 , 0 , 0 , 0 , 0 , 0 , 0 , 0 , 0 , 0 , 0 , 0 , 0 , 1 , 0 , 0 , 0 , .000 , .000 , .000 , .000 , .000 , -124.0 , -0.07 , -0.07 
264,류승현,22K, -0.07 , 3 , 3 , 3 , 0 , 0 , 0 , 0 , 0 , 0 , 0 , 0 , 0 , 0 , 0 , 0 , 1 , 0 , 0 , 0 , .000 , .000 , .000 , .000 , .000 , -124.0 , -0.07 , 0.15 
265,김수환,22키1B, -0.07 , 57 , 168 , 140 , 18 , 25 , 6 , 0 , 4 , 43 , 14 , 0 , 0 , 21 , 3 , 0 , 56 , 0 , 3 , 1 , .179 , .297 , .307 , .604 , .284 , 74.9 , -0.07 , -0.63 
266,김민수,22롯RF, -0.08 , 5 , 7 , 7 , 0 , 1 , 0 , 0 , 0 , 1 , 1 , 0 , 0 , 0 , 0 , 0 , 4 , 0 , 0 , 0 , .143 , .143 , .143 , .286 , .135 , -33.7 , -0.08 , -0.02 
267,이영빈,22L2B, -0.08 , 60 , 83 , 76 , 16 , 14 , 3 , 0 , 1 , 20 , 5 , 0 , 0 , 7 , 0 , 0 , 25 , 3 , 0 , 0 , .184 , .253 , .263 , .516 , .247 , 48.0 , -0.08 , -0.73 
268,김영웅,22삼3B, -0.08 , 12 , 15 , 15 , 2 , 2 , 0 , 0 , 1 , 5 , 1 , 0 , 0 , 0 , 0 , 0 , 7 , 0 , 0 , 0 , .133 , .133 , .333 , .467 , .202 , 8.8 , -0.08 , -0.16 
269,석정우,22S2B, -0.09 , 9 , 9 , 9 , 1 , 2 , 0 , 0 , 0 , 2 , 0 , 0 , 1 , 0 , 0 , 0 , 3 , 0 , 0 , 0 , .222 , .222 , .222 , .444 , .210 , 19.7 , -0.09 , -0.11 
270,조대현,22K, -0.09 , 6 , 4 , 4 , 0 , 0 , 0 , 0 , 0 , 0 , 0 , 0 , 0 , 0 , 0 , 0 , 3 , 0 , 0 , 0 , .000 , .000 , .000 , .000 , .000 , -124.0 , -0.09 , -0.12 
271,정진기,22NCF, -0.09 , 39 , 59 , 53 , 4 , 10 , 2 , 0 , 1 , 15 , 4 , 1 , 0 , 6 , 0 , 0 , 19 , 1 , 0 , 0 , .189 , .271 , .283 , .554 , .265 , 58.2 , -0.09 , -0.59 
272,김수윤,22N1B, -0.09 , 10 , 18 , 17 , 1 , 2 , 1 , 0 , 1 , 6 , 2 , 0 , 0 , 1 , 0 , 0 , 7 , 0 , 0 , 0 , .118 , .167 , .353 , .520 , .229 , 31.3 , -0.09 , -0.01 
273,이시원,22KRF, -0.09 , 31 , 16 , 15 , 6 , 2 , 0 , 0 , 0 , 2 , 1 , 2 , 0 , 0 , 1 , 0 , 4 , 0 , 0 , 0 , .133 , .188 , .133 , .321 , .165 , -11.5 , -0.09 , -0.05 
274,신민재,22LCF, -0.10 , 14 , 3 , 3 , 2 , 0 , 0 , 0 , 0 , 0 , 0 , 2 , 2 , 0 , 0 , 0 , 0 , 0 , 0 , 0 , .000 , .000 , .000 , .000 , .000 , -124.0 , -0.10 , 0.01 
275,예진원,22키LF, -0.10 , 20 , 14 , 10 , 0 , 1 , 0 , 0 , 0 , 1 , 0 , 0 , 0 , 3 , 0 , 0 , 3 , 0 , 1 , 0 , .100 , .308 , .100 , .408 , .221 , 29.3 , -0.10 , -0.20 
276,김재현,22S3B, -0.10 , 18 , 20 , 18 , 2 , 4 , 1 , 0 , 0 , 5 , 4 , 0 , 0 , 0 , 0 , 0 , 3 , 2 , 2 , 0 , .222 , .222 , .278 , .500 , .207 , 18.9 , -0.10 , 0.17 
277,장진혁,22한RF, -0.10 , 41 , 132 , 116 , 11 , 27 , 2 , 0 , 2 , 35 , 17 , 2 , 1 , 12 , 0 , 0 , 28 , 1 , 1 , 3 , .233 , .298 , .302 , .599 , .281 , 68.9 , -0.10 , -0.99 
278,허인서,22한C, -0.11 , 8 , 19 , 18 , 1 , 3 , 0 , 0 , 0 , 3 , 0 , 0 , 0 , 1 , 0 , 0 , 8 , 0 , 0 , 0 , .167 , .211 , .167 , .377 , .187 , 4.3 , -0.11 , -0.20 
279,장두성,22롯CF, -0.12 , 53 , 28 , 23 , 7 , 4 , 0 , 0 , 0 , 4 , 0 , 4 , 1 , 5 , 0 , 0 , 11 , 0 , 0 , 0 , .174 , .321 , .174 , .495 , .263 , 54.4 , -0.12 , -0.32 
280,장승현,22두C, -0.12 , 60 , 109 , 96 , 6 , 20 , 3 , 0 , 0 , 23 , 9 , 0 , 0 , 5 , 4 , 0 , 27 , 2 , 3 , 1 , .208 , .274 , .240 , .513 , .244 , 43.8 , -0.12 , -0.69 
281,오준혁,22SRF, -0.12 , 47 , 67 , 61 , 3 , 14 , 2 , 0 , 0 , 16 , 6 , 0 , 0 , 5 , 0 , 0 , 15 , 4 , 1 , 0 , .230 , .288 , .262 , .550 , .262 , 55.6 , -0.12 , -0.54 
282,유준규,22KDH, -0.12 , 7 , 16 , 14 , 3 , 3 , 0 , 0 , 0 , 3 , 0 , 0 , 0 , 1 , 0 , 0 , 6 , 0 , 1 , 0 , .214 , .267 , .214 , .481 , .222 , 26.3 , -0.12 , -0.17 
283,김규남,22SRF, -0.13 , 2 , 5 , 5 , 0 , 0 , 0 , 0 , 0 , 0 , 0 , 0 , 0 , 0 , 0 , 0 , 2 , 1 , 0 , 0 , .000 , .000 , .000 , .000 , .000 , -124.0 , -0.13 , -0.09 
284,김준완,22키LF, -0.13 , 111 , 398 , 317 , 43 , 60 , 10 , 2 , 1 , 77 , 28 , 1 , 1 , 64 , 8 , 0 , 71 , 4 , 6 , 3 , .189 , .337 , .243 , .580 , .288 , 74.9 , -0.13 , -0.86 
285,양승혁,22K2B, -0.13 , 11 , 5 , 5 , 0 , 0 , 0 , 0 , 0 , 0 , 0 , 1 , 1 , 0 , 0 , 0 , 1 , 0 , 0 , 0 , .000 , .000 , .000 , .000 , .000 , -124.0 , -0.13 , -0.03 
286,이정훈,22KDH, -0.13 , 6 , 10 , 8 , 0 , 0 , 0 , 0 , 0 , 0 , 0 , 0 , 0 , 2 , 0 , 0 , 3 , 0 , 0 , 0 , .000 , .200 , .000 , .200 , .144 , -26.1 , -0.13 , -0.22 
287,김재현,22키C, -0.13 , 56 , 88 , 82 , 4 , 17 , 4 , 0 , 1 , 24 , 8 , 0 , 0 , 2 , 1 , 0 , 19 , 3 , 2 , 1 , .207 , .233 , .293 , .525 , .237 , 40.2 , -0.13 , -0.66 
288,박승욱,22롯SS, -0.13 , 100 , 228 , 198 , 29 , 45 , 7 , 2 , 1 , 59 , 16 , 8 , 2 , 16 , 2 , 0 , 69 , 1 , 12 , 0 , .227 , .292 , .298 , .590 , .266 , 55.6 , -0.13 , -0.61 
289,한석현,22LRF, -0.14 , 6 , 10 , 9 , 1 , 2 , 0 , 0 , 0 , 2 , 0 , 0 , 1 , 0 , 0 , 0 , 3 , 0 , 1 , 0 , .222 , .222 , .222 , .444 , .189 , 4.8 , -0.14 , -0.21 
290,최상민,22SLF, -0.14 , 27 , 18 , 14 , 3 , 1 , 0 , 0 , 0 , 1 , 1 , 3 , 1 , 3 , 0 , 0 , 4 , 0 , 1 , 0 , .071 , .235 , .071 , .307 , .172 , -7.0 , -0.14 , 0.27 
291,윤동희,22롯1B, -0.14 , 4 , 13 , 13 , 1 , 2 , 1 , 0 , 0 , 3 , 1 , 0 , 0 , 0 , 0 , 0 , 2 , 1 , 0 , 0 , .154 , .154 , .231 , .385 , .174 , -7.5 , -0.14 , -0.25 
292,공민규,22삼1B, -0.14 , 15 , 22 , 19 , 0 , 3 , 0 , 0 , 0 , 3 , 2 , 0 , 0 , 1 , 1 , 0 , 10 , 0 , 0 , 1 , .158 , .227 , .158 , .385 , .195 , 10.6 , -0.14 , -0.22 
293,추재현,22롯RF, -0.14 , 33 , 66 , 58 , 10 , 13 , 4 , 0 , 0 , 17 , 5 , 1 , 0 , 7 , 1 , 0 , 17 , 1 , 0 , 0 , .224 , .318 , .293 , .611 , .296 , 75.8 , -0.14 , -0.53 
294,이태훈,22삼DH, -0.15 , 10 , 18 , 17 , 2 , 3 , 0 , 0 , 0 , 3 , 0 , 0 , 0 , 1 , 0 , 0 , 6 , 0 , 0 , 0 , .176 , .222 , .176 , .399 , .197 , 11.3 , -0.15 , 0.09 
295,김시앙,22키C, -0.16 , 13 , 14 , 12 , 1 , 1 , 0 , 0 , 0 , 1 , 0 , 0 , 0 , 1 , 0 , 0 , 8 , 1 , 1 , 0 , .083 , .154 , .083 , .237 , .119 , -41.0 , -0.16 , -0.17 
296,이현석,22SC, -0.16 , 9 , 15 , 15 , 0 , 2 , 0 , 0 , 0 , 2 , 1 , 0 , 0 , 0 , 0 , 0 , 5 , 1 , 0 , 0 , .133 , .133 , .133 , .267 , .126 , -37.8 , -0.16 , -0.31 
297,이호연,22롯3B, -0.16 , 88 , 222 , 205 , 20 , 50 , 10 , 1 , 2 , 68 , 16 , 3 , 1 , 11 , 2 , 1 , 38 , 5 , 4 , 0 , .244 , .289 , .332 , .621 , .283 , 67.7 , -0.16 , -1.79 
298,서호철,22N2B, -0.17 , 89 , 214 , 195 , 26 , 40 , 8 , 0 , 2 , 54 , 14 , 3 , 1 , 12 , 4 , 0 , 41 , 6 , 3 , 0 , .205 , .265 , .277 , .542 , .255 , 52.0 , -0.17 , -1.68 
299,최영진,22삼3B, -0.18 , 43 , 91 , 80 , 5 , 15 , 4 , 0 , 2 , 25 , 10 , 2 , 2 , 8 , 2 , 0 , 20 , 2 , 1 , 0 , .188 , .278 , .313 , .590 , .276 , 64.3 , -0.18 , -0.05 
300,이진영,22한RF, -0.18 , 70 , 240 , 220 , 27 , 44 , 12 , 1 , 8 , 82 , 31 , 2 , 2 , 17 , 0 , 0 , 90 , 4 , 0 , 3 , .200 , .254 , .373 , .627 , .283 , 71.1 , -0.18 , -1.90 
301,신성현,22두LF, -0.19 , 17 , 25 , 23 , 3 , 2 , 0 , 0 , 1 , 5 , 2 , 1 , 0 , 2 , 0 , 0 , 5 , 2 , 0 , 0 , .087 , .160 , .217 , .377 , .178 , 4.4 , -0.19 , -0.21 
302,이흥련,22SC, -0.19 , 22 , 55 , 45 , 4 , 6 , 2 , 0 , 0 , 8 , 1 , 0 , 0 , 5 , 2 , 0 , 22 , 2 , 3 , 0 , .133 , .250 , .178 , .428 , .209 , 18.1 , -0.19 , -0.48 
303,크론,22S1B, -0.20 , 67 , 259 , 243 , 21 , 54 , 13 , 1 , 11 , 102 , 35 , 0 , 0 , 9 , 3 , 0 , 68 , 3 , 0 , 4 , .222 , .255 , .420 , .675 , .300 , 78.7 , -0.20 , -0.75 
304,홍성호,22두RF, -0.20 , 12 , 19 , 18 , 3 , 3 , 0 , 0 , 0 , 3 , 0 , 0 , 0 , 1 , 0 , 0 , 7 , 1 , 0 , 0 , .167 , .211 , .167 , .377 , .187 , 3.4 , -0.20 , -0.28 
305,박석민,22N3B, -0.20 , 16 , 58 , 47 , 3 , 7 , 2 , 0 , 0 , 9 , 2 , 0 , 0 , 9 , 1 , 0 , 8 , 3 , 1 , 0 , .149 , .298 , .191 , .490 , .251 , 48.2 , -0.20 , -0.32 
306,한승택,22KC, -0.21 , 65 , 119 , 102 , 11 , 18 , 2 , 0 , 1 , 23 , 11 , 0 , 0 , 9 , 3 , 0 , 30 , 2 , 4 , 1 , .176 , .261 , .225 , .486 , .232 , 34.7 , -0.21 , -0.82 
307,안주형,22삼2B, -0.21 , 18 , 23 , 20 , 2 , 3 , 0 , 0 , 0 , 3 , 2 , 0 , 0 , 1 , 0 , 0 , 6 , 0 , 1 , 1 , .150 , .182 , .150 , .332 , .154 , -18.2 , -0.21 , -0.25 
308,박준태,22키RF, -0.22 , 52 , 84 , 70 , 9 , 11 , 4 , 0 , 1 , 18 , 10 , 0 , 0 , 11 , 2 , 0 , 33 , 0 , 1 , 0 , .157 , .289 , .257 , .546 , .267 , 61.5 , -0.22 , -0.55 
309,김성표,22삼CF, -0.22 , 17 , 18 , 17 , 5 , 2 , 0 , 0 , 0 , 2 , 0 , 2 , 0 , 1 , 0 , 0 , 5 , 0 , 0 , 0 , .118 , .167 , .118 , .284 , .145 , -24.7 , -0.22 , -0.21 
310,천재환,22NCF, -0.23 , 29 , 36 , 35 , 4 , 5 , 1 , 0 , 1 , 9 , 1 , 1 , 0 , 0 , 1 , 0 , 11 , 1 , 0 , 0 , .143 , .167 , .257 , .424 , .194 , 9.2 , -0.23 , -0.80 
311,서예일,22두2B, -0.24 , 35 , 27 , 25 , 2 , 4 , 1 , 0 , 0 , 5 , 2 , 0 , 0 , 1 , 0 , 0 , 6 , 1 , 1 , 0 , .160 , .192 , .200 , .392 , .180 , 0.6 , -0.24 , -0.20 
312,원혁재,22한LF, -0.25 , 11 , 23 , 21 , 2 , 2 , 1 , 0 , 0 , 3 , 0 , 0 , 0 , 2 , 0 , 0 , 12 , 0 , 0 , 0 , .095 , .174 , .143 , .317 , .161 , -13.2 , -0.25 , -0.30 
313,윤정빈,22삼, -0.25 , 13 , 10 , 10 , 1 , 0 , 0 , 0 , 0 , 0 , 0 , 0 , 0 , 0 , 0 , 0 , 5 , 0 , 0 , 0 , .000 , .000 , .000 , .000 , .000 , -124.0 , -0.25 , -0.11 
314,이해창,22한C, -0.25 , 4 , 11 , 10 , 0 , 0 , 0 , 0 , 0 , 0 , 0 , 0 , 0 , 0 , 0 , 0 , 2 , 1 , 1 , 0 , .000 , .000 , .000 , .000 , .000 , -124.0 , -0.25 , -0.23 
315,루이즈,22L3B, -0.25 , 27 , 94 , 84 , 10 , 13 , 4 , 1 , 1 , 22 , 6 , 1 , 0 , 9 , 0 , 0 , 13 , 5 , 0 , 1 , .155 , .234 , .262 , .496 , .235 , 39.5 , -0.25 , -0.90 
316,김규성,22K2B, -0.25 , 70 , 52 , 50 , 14 , 9 , 0 , 1 , 1 , 14 , 4 , 0 , 0 , 1 , 0 , 0 , 12 , 0 , 1 , 0 , .180 , .196 , .280 , .476 , .213 , 22.3 , -0.25 , -0.58 
317,정훈,22롯1B, -0.25 , 91 , 340 , 294 , 39 , 72 , 8 , 0 , 3 , 89 , 32 , 4 , 1 , 32 , 2 , 0 , 66 , 6 , 6 , 6 , .245 , .317 , .303 , .620 , .290 , 73.4 , -0.25 , -0.68 
318,김태훈,22K1B, -0.26 , 7 , 10 , 10 , 0 , 0 , 0 , 0 , 0 , 0 , 0 , 0 , 0 , 0 , 0 , 0 , 2 , 0 , 0 , 0 , .000 , .000 , .000 , .000 , .000 , -124.0 , -0.26 , -0.27 
319,이성규,22삼DH, -0.26 , 13 , 34 , 27 , 5 , 2 , 0 , 0 , 0 , 2 , 1 , 0 , 0 , 5 , 2 , 0 , 8 , 1 , 0 , 0 , .074 , .265 , .074 , .339 , .205 , 17.8 , -0.26 , -0.14 
320,강진성,22두1B, -0.26 , 40 , 94 , 80 , 7 , 13 , 2 , 0 , 1 , 18 , 8 , 4 , 0 , 11 , 2 , 1 , 20 , 2 , 1 , 0 , .163 , .280 , .225 , .505 , .245 , 46.2 , -0.26 , -0.49 
321,오재원,22두2B, -0.27 , 18 , 31 , 29 , 2 , 5 , 2 , 0 , 0 , 7 , 4 , 1 , 2 , 1 , 0 , 0 , 9 , 1 , 0 , 1 , .172 , .194 , .241 , .435 , .199 , 14.8 , -0.27 , 0.18 
322,임종찬,22한RF, -0.28 , 20 , 57 , 53 , 2 , 10 , 1 , 0 , 2 , 17 , 6 , 0 , 1 , 3 , 0 , 1 , 23 , 1 , 0 , 1 , .189 , .228 , .321 , .549 , .241 , 41.6 , -0.28 , -0.12 
323,김호재,22삼2B, -0.28 , 21 , 29 , 28 , 1 , 4 , 1 , 0 , 0 , 5 , 1 , 0 , 0 , 1 , 0 , 0 , 9 , 1 , 0 , 0 , .143 , .172 , .179 , .351 , .168 , -8.6 , -0.28 , -0.43 
324,이원석,22한CF, -0.29 , 20 , 39 , 35 , 4 , 4 , 0 , 0 , 1 , 7 , 1 , 0 , 0 , 3 , 0 , 0 , 18 , 1 , 1 , 0 , .114 , .184 , .200 , .384 , .181 , 0.4 , -0.29 , -0.52 
325,이주형,22키DH, -0.29 , 32 , 85 , 71 , 7 , 12 , 0 , 0 , 1 , 15 , 8 , 0 , 0 , 10 , 3 , 0 , 27 , 0 , 0 , 1 , .169 , .294 , .211 , .505 , .257 , 55.7 , -0.29 , -0.39 
326,권동진,22K2B, -0.29 , 46 , 40 , 38 , 9 , 5 , 1 , 1 , 0 , 8 , 4 , 4 , 0 , 1 , 0 , 0 , 16 , 0 , 1 , 0 , .132 , .154 , .211 , .364 , .163 , -12.6 , -0.29 , -0.26 
327,이병규,22키1B, -0.30 , 24 , 40 , 38 , 7 , 7 , 1 , 1 , 0 , 10 , 5 , 1 , 0 , 2 , 0 , 0 , 11 , 0 , 0 , 0 , .184 , .225 , .263 , .488 , .228 , 32.1 , -0.30 , -0.21 
328,이성곤,22한1B, -0.31 , 41 , 117 , 99 , 6 , 19 , 5 , 0 , 0 , 24 , 5 , 1 , 1 , 17 , 0 , 0 , 32 , 0 , 0 , 1 , .192 , .308 , .242 , .550 , .273 , 64.0 , -0.31 , -0.47 
329,전병우,22키1B, -0.31 , 115 , 231 , 197 , 14 , 40 , 7 , 0 , 5 , 62 , 21 , 0 , 0 , 17 , 7 , 0 , 68 , 5 , 9 , 1 , .203 , .288 , .315 , .603 , .275 , 68.2 , -0.31 , -0.01 
330,최항,22SDH, -0.31 , 15 , 24 , 20 , 0 , 2 , 0 , 0 , 0 , 2 , 1 , 0 , 0 , 2 , 1 , 0 , 7 , 0 , 0 , 1 , .100 , .208 , .100 , .308 , .170 , -8.9 , -0.31 , -0.24 
331,정민규,22한1B, -0.31 , 9 , 24 , 23 , 3 , 3 , 0 , 0 , 0 , 3 , 0 , 0 , 0 , 0 , 1 , 0 , 11 , 0 , 0 , 0 , .130 , .167 , .130 , .297 , .149 , -21.7 , -0.31 , -0.14 
332,김병희,22K1B, -0.31 , 41 , 85 , 74 , 8 , 15 , 2 , 0 , 1 , 20 , 6 , 0 , 3 , 7 , 3 , 0 , 26 , 2 , 0 , 1 , .203 , .294 , .270 , .564 , .274 , 63.0 , -0.31 , -0.37 
333,도태훈,22N3B, -0.34 , 90 , 163 , 139 , 18 , 30 , 7 , 0 , 2 , 43 , 13 , 0 , 0 , 13 , 1 , 0 , 23 , 5 , 7 , 3 , .216 , .282 , .309 , .591 , .265 , 58.6 , -0.34 , -1.80 
334,박승규,22삼CF, -0.35 , 62 , 83 , 74 , 10 , 16 , 2 , 0 , 0 , 18 , 4 , 2 , 0 , 3 , 0 , 0 , 15 , 0 , 5 , 1 , .216 , .244 , .243 , .487 , .217 , 24.6 , -0.35 , -0.67 
335,송준석,22삼RF, -0.36 , 17 , 32 , 29 , 3 , 4 , 0 , 0 , 0 , 4 , 1 , 0 , 0 , 1 , 1 , 0 , 5 , 1 , 1 , 0 , .138 , .194 , .138 , .332 , .164 , -11.5 , -0.36 , -0.56 
336,배성근,22롯2B, -0.37 , 22 , 41 , 39 , 3 , 5 , 1 , 0 , 0 , 6 , 0 , 0 , 0 , 2 , 0 , 0 , 12 , 3 , 0 , 0 , .128 , .171 , .154 , .325 , .159 , -16.5 , -0.37 , -0.70 
337,최정용,22K2B, -0.37 , 30 , 23 , 22 , 5 , 2 , 0 , 0 , 0 , 2 , 0 , 0 , 0 , 0 , 0 , 0 , 6 , 0 , 1 , 0 , .091 , .091 , .091 , .182 , .082 , -67.7 , -0.37 , -0.37 
338,윤형준,22N1B, -0.38 , 35 , 69 , 67 , 5 , 14 , 1 , 0 , 1 , 18 , 5 , 1 , 0 , 1 , 1 , 0 , 21 , 1 , 0 , 0 , .209 , .232 , .269 , .501 , .234 , 38.4 , -0.38 , -0.70 
339,김한별,22NSS, -0.38 , 24 , 23 , 21 , 0 , 2 , 0 , 0 , 0 , 2 , 0 , 0 , 1 , 0 , 0 , 0 , 6 , 0 , 2 , 0 , .095 , .095 , .095 , .191 , .082 , -66.8 , -0.38 , -0.39 
340,이해승,22삼SS, -0.38 , 46 , 106 , 99 , 11 , 23 , 3 , 0 , 0 , 26 , 5 , 0 , 0 , 1 , 0 , 0 , 29 , 1 , 6 , 0 , .232 , .240 , .263 , .503 , .222 , 28.3 , -0.38 , -0.34 
341,김석환,22KLF, -0.39 , 51 , 107 , 94 , 15 , 14 , 2 , 0 , 3 , 25 , 7 , 0 , 0 , 10 , 3 , 0 , 32 , 1 , 0 , 0 , .149 , .252 , .266 , .518 , .250 , 47.0 , -0.39 , -1.07 
342,이학주,22롯SS, -0.40 , 91 , 260 , 232 , 29 , 48 , 11 , 1 , 3 , 70 , 15 , 2 , 4 , 16 , 2 , 0 , 54 , 3 , 9 , 1 , .207 , .263 , .302 , .565 , .256 , 49.3 , -0.40 , -1.92 
343,이용규,22키LF, -0.41 , 86 , 326 , 271 , 34 , 54 , 6 , 0 , 0 , 60 , 21 , 12 , 2 , 45 , 7 , 0 , 42 , 7 , 1 , 2 , .199 , .326 , .221 , .548 , .278 , 67.7 , -0.41 , 0.64 
344,신본기,22KSS, -0.47 , 74 , 138 , 121 , 9 , 22 , 3 , 0 , 1 , 28 , 8 , 0 , 1 , 10 , 2 , 0 , 28 , 5 , 4 , 1 , .182 , .254 , .231 , .485 , .230 , 32.6 , -0.47 , -1.75 
345,김응민,22NC, -0.47 , 34 , 75 , 67 , 7 , 9 , 1 , 0 , 1 , 13 , 5 , 0 , 0 , 3 , 2 , 0 , 12 , 3 , 2 , 1 , .134 , .192 , .194 , .386 , .182 , 1.2 , -0.47 , -0.64 
346,김동엽,22삼DH, -0.48 , 30 , 100 , 95 , 9 , 21 , 5 , 0 , 2 , 32 , 4 , 0 , 3 , 4 , 0 , 0 , 22 , 1 , 0 , 1 , .221 , .250 , .337 , .587 , .268 , 58.4 , -0.48 , -0.41 
347,한태양,22롯SS, -0.49 , 38 , 72 , 61 , 14 , 9 , 1 , 0 , 0 , 10 , 3 , 1 , 0 , 5 , 2 , 0 , 24 , 1 , 4 , 0 , .148 , .235 , .164 , .399 , .194 , 7.2 , -0.49 , -0.19 
348,강태율,22롯C, -0.52 , 19 , 38 , 32 , 0 , 3 , 1 , 0 , 0 , 4 , 3 , 0 , 0 , 2 , 1 , 0 , 9 , 2 , 3 , 0 , .094 , .171 , .125 , .296 , .142 , -28.1 , -0.52 , -0.48 
349,송민섭,22KRF, -0.53 , 119 , 72 , 64 , 17 , 10 , 1 , 2 , 0 , 15 , 3 , 0 , 2 , 5 , 0 , 0 , 19 , 0 , 3 , 0 , .156 , .217 , .234 , .452 , .206 , 17.1 , -0.53 , -0.59 
350,김성현,22S2B, -0.58 , 130 , 359 , 302 , 38 , 66 , 9 , 1 , 2 , 83 , 37 , 3 , 3 , 31 , 3 , 0 , 36 , 13 , 20 , 3 , .219 , .295 , .275 , .570 , .259 , 53.9 , -0.58 , -0.25 
351,이도윤,22한SS, -0.69 , 80 , 126 , 113 , 9 , 18 , 7 , 0 , 1 , 28 , 8 , 3 , 2 , 8 , 0 , 0 , 30 , 1 , 4 , 1 , .159 , .213 , .248 , .461 , .210 , 20.5 , -0.69 , -1.37 
352,박대온,22NC, -0.75 , 59 , 133 , 127 , 8 , 23 , 4 , 0 , 1 , 30 , 10 , 0 , 0 , 0 , 2 , 0 , 37 , 4 , 3 , 1 , .181 , .192 , .236 , .429 , .194 , 10.5 , -0.75 , -1.69 
353,조세진,22롯RF, -0.76 , 39 , 88 , 86 , 6 , 16 , 3 , 0 , 0 , 19 , 6 , 0 , 1 , 1 , 0 , 0 , 25 , 4 , 1 , 0 , .186 , .195 , .221 , .416 , .192 , 5.7 , -0.76 , -0.64 
354,유로결,22한LF, -0.82 , 30 , 68 , 60 , 5 , 8 , 0 , 0 , 0 , 8 , 4 , 0 , 0 , 4 , 1 , 0 , 9 , 1 , 3 , 0 , .133 , .200 , .133 , .333 , .164 , -11.4 , -0.82 , -1.05 
355,정보근,22롯C, -0.91 , 95 , 226 , 199 , 8 , 38 , 2 , 0 , 1 , 43 , 15 , 1 , 0 , 14 , 2 , 0 , 55 , 4 , 10 , 1 , .191 , .250 , .216 , .466 , .218 , 24.1 , -0.91 , -1.78 
356,박경수,22K2B, -1.01 , 100 , 194 , 166 , 13 , 20 , 3 , 0 , 3 , 32 , 10 , 0 , 0 , 24 , 1 , 0 , 70 , 3 , 2 , 1 , .120 , .234 , .193 , .427 , .213 , 21.9 , -1.01 , -2.16 
357,김헌곤,22삼CF, -1.58 , 80 , 239 , 224 , 18 , 43 , 8 , 0 , 1 , 54 , 20 , 3 , 1 , 9 , 1 , 0 , 22 , 10 , 2 , 3 , .192 , .224 , .241 , .465 , .217 , 24.6 , -1.58 , -2.24 
