순,이름,연도,WAR,출장,완투,완봉,선발,승,패,세이브,홀드,이닝,실점,자책,타자,안타,2타,3타,홈런,볼넷,고4,사구,삼진,보크,폭투,ERA,FIP,WHIP,ERA+,FIP+,WAR2,WPA
1,페디,23N, 7.31 , 30 , 0 , 0 , 30 , 20 , 6 , 0 , 0 , 180.1 , 46 , 40 , 708 , 137 , 16 , 0 , 9 , 35 , 0 , 4 , 209 , 0 , 5 , 2.00 , 2.42 , 0.95 , 208.6 , 174.2 , 7.31 , 4.53 
2,고영표,23K, 6.15 , 28 , 0 , 0 , 27 , 12 , 7 , 0 , 0 , 174.2 , 57 , 54 , 706 , 181 , 27 , 5 , 7 , 19 , 1 , 9 , 114 , 0 , 6 , 2.78 , 3.12 , 1.15 , 151.8 , 133.7 , 6.15 , 3.34 
3,후라도,23키, 6.04 , 30 , 0 , 0 , 30 , 11 , 8 , 0 , 0 , 183.2 , 64 , 54 , 763 , 164 , 19 , 0 , 7 , 41 , 0 , 9 , 147 , 0 , 5 , 2.65 , 3.15 , 1.12 , 155.2 , 129.1 , 6.04 , 3.20 
4,알칸타라,23두, 5.53 , 31 , 0 , 0 , 31 , 13 , 8 , 0 , 0 , 192.0 , 67 , 57 , 777 , 171 , 33 , 0 , 16 , 35 , 1 , 5 , 162 , 0 , 3 , 2.67 , 3.45 , 1.07 , 152.5 , 116.2 , 5.53 , 2.85 
5,안우진,23키, 5.22 , 24 , 0 , 0 , 24 , 9 , 7 , 0 , 0 , 150.2 , 44 , 40 , 608 , 121 , 25 , 1 , 5 , 38 , 1 , 1 , 164 , 0 , 8 , 2.39 , 2.45 , 1.06 , 171.9 , 164.8 , 5.22 , 3.46 
6,뷰캐넌,23삼, 5.12 , 30 , 1 , 0 , 30 , 12 , 8 , 0 , 0 , 188.0 , 71 , 53 , 784 , 174 , 26 , 2 , 4 , 43 , 1 , 6 , 139 , 1 , 7 , 2.54 , 3.01 , 1.15 , 166.9 , 138.1 , 5.12 , 2.12 
7,곽빈,23두, 4.19 , 23 , 0 , 0 , 23 , 12 , 7 , 0 , 0 , 127.1 , 44 , 41 , 526 , 96 , 18 , 1 , 7 , 58 , 0 , 5 , 106 , 1 , 4 , 2.90 , 3.98 , 1.21 , 140.6 , 102.2 , 4.19 , 2.46 
8,쿠에바스,23K, 4.09 , 18 , 0 , 0 , 18 , 12 , 0 , 0 , 0 , 114.1 , 33 , 33 , 460 , 95 , 10 , 2 , 4 , 24 , 1 , 2 , 100 , 0 , 5 , 2.60 , 2.80 , 1.04 , 162.6 , 149.5 , 4.09 , 2.49 
9,플럿코,23L, 3.87 , 21 , 0 , 0 , 21 , 11 , 3 , 0 , 0 , 123.1 , 37 , 33 , 510 , 115 , 21 , 3 , 5 , 31 , 1 , 3 , 101 , 0 , 2 , 2.41 , 3.13 , 1.18 , 169.5 , 131.0 , 3.87 , 1.61 
10,서진용,23S, 3.64 , 69 , 0 , 0 , 0 , 5 , 4 , 40 , 0 , 72.2 , 22 , 20 , 322 , 62 , 5 , 0 , 3 , 48 , 5 , 4 , 63 , 0 , 5 , 2.48 , 4.19 , 1.51 , 169.0 , 100.3 , 3.64 , 2.73 
11,반즈,23롯, 3.62 , 30 , 0 , 0 , 30 , 11 , 10 , 0 , 0 , 170.1 , 68 , 62 , 734 , 171 , 34 , 1 , 6 , 56 , 1 , 15 , 147 , 0 , 7 , 3.28 , 3.41 , 1.33 , 127.0 , 121.3 , 3.62 , 1.54 
12,페냐,23한, 3.54 , 32 , 0 , 0 , 32 , 11 , 11 , 0 , 0 , 177.1 , 82 , 71 , 751 , 149 , 28 , 5 , 14 , 59 , 1 , 18 , 147 , 4 , 16 , 3.60 , 4.10 , 1.17 , 115.2 , 101.3 , 3.54 , -0.27 
13,원태인,23삼, 3.49 , 26 , 0 , 0 , 26 , 7 , 7 , 0 , 0 , 150.0 , 61 , 53 , 633 , 156 , 26 , 1 , 15 , 34 , 2 , 6 , 102 , 2 , 6 , 3.18 , 4.14 , 1.27 , 133.2 , 101.5 , 3.49 , 0.67 
14,김광현,23S, 3.32 , 30 , 0 , 0 , 30 , 9 , 8 , 0 , 0 , 168.1 , 75 , 66 , 713 , 163 , 30 , 0 , 11 , 70 , 0 , 2 , 119 , 0 , 5 , 3.53 , 4.16 , 1.38 , 118.6 , 101.3 , 3.32 , 0.92 
15,브랜든,23두, 3.19 , 18 , 0 , 0 , 18 , 11 , 3 , 0 , 0 , 104.2 , 34 , 29 , 427 , 80 , 13 , 0 , 4 , 30 , 0 , 12 , 100 , 0 , 3 , 2.49 , 3.23 , 1.05 , 163.3 , 126.3 , 3.19 , 1.88 
16,박세웅,23롯, 3.13 , 27 , 0 , 0 , 27 , 9 , 7 , 0 , 0 , 154.0 , 70 , 59 , 657 , 145 , 24 , 0 , 8 , 59 , 1 , 4 , 129 , 0 , 10 , 3.45 , 3.65 , 1.33 , 120.7 , 112.8 , 3.13 , 0.84 
17,김진성,23L, 2.97 , 80 , 0 , 0 , 0 , 5 , 1 , 4 , 21 , 70.1 , 17 , 17 , 270 , 41 , 5 , 1 , 8 , 26 , 0 , 0 , 69 , 0 , 0 , 2.18 , 4.07 , 0.95 , 187.6 , 99.4 , 2.97 , 1.81 
18,김재윤,23K, 2.86 , 59 , 0 , 0 , 0 , 5 , 5 , 32 , 0 , 65.2 , 21 , 19 , 262 , 54 , 5 , 2 , 2 , 13 , 5 , 1 , 60 , 0 , 3 , 2.60 , 2.42 , 1.02 , 162.2 , 173.7 , 2.86 , 2.31 
19,양현종,23K, 2.81 , 29 , 0 , 0 , 29 , 9 , 11 , 0 , 0 , 171.0 , 78 , 67 , 729 , 180 , 32 , 1 , 13 , 48 , 1 , 1 , 133 , 0 , 5 , 3.53 , 3.72 , 1.33 , 117.2 , 110.4 , 2.81 , -0.03 
20,박영현,23K, 2.75 , 68 , 0 , 0 , 0 , 3 , 3 , 4 , 32 , 75.1 , 25 , 23 , 308 , 63 , 11 , 2 , 3 , 23 , 4 , 2 , 79 , 2 , 1 , 2.75 , 2.70 , 1.14 , 153.7 , 155.9 , 2.75 , 1.80 
21,엘리아스,23S, 2.65 , 22 , 0 , 0 , 21 , 7 , 6 , 0 , 0 , 131.1 , 58 , 55 , 548 , 140 , 22 , 1 , 12 , 33 , 1 , 6 , 93 , 0 , 0 , 3.77 , 4.08 , 1.32 , 111.0 , 104.0 , 2.65 , 1.25 
22,함덕주,23L, 2.64 , 57 , 0 , 0 , 0 , 4 , 0 , 4 , 16 , 55.2 , 12 , 10 , 222 , 32 , 9 , 1 , 1 , 22 , 1 , 2 , 59 , 0 , 0 , 1.62 , 2.80 , 0.97 , 252.5 , 148.0 , 2.64 , 2.27 
23,류진욱,23N, 2.62 , 70 , 0 , 0 , 0 , 1 , 4 , 0 , 22 , 67.0 , 19 , 16 , 268 , 41 , 2 , 2 , 1 , 32 , 1 , 1 , 62 , 0 , 5 , 2.15 , 3.22 , 1.09 , 193.8 , 130.3 , 2.62 , 1.13 
24,주현상,23한, 2.59 , 55 , 0 , 0 , 0 , 2 , 2 , 0 , 12 , 59.2 , 13 , 13 , 228 , 35 , 6 , 1 , 2 , 15 , 1 , 3 , 45 , 0 , 0 , 1.96 , 3.22 , 0.84 , 211.7 , 128.5 , 2.59 , 1.41 
25,문동주,23한, 2.52 , 23 , 0 , 0 , 23 , 8 , 8 , 0 , 0 , 118.2 , 52 , 49 , 503 , 113 , 20 , 2 , 6 , 42 , 0 , 4 , 95 , 1 , 5 , 3.72 , 3.66 , 1.31 , 111.7 , 113.2 , 2.52 , -0.08 
26,엄상백,23K, 2.45 , 20 , 0 , 0 , 19 , 7 , 6 , 0 , 0 , 111.2 , 46 , 45 , 454 , 100 , 16 , 4 , 6 , 29 , 0 , 2 , 89 , 0 , 1 , 3.63 , 3.38 , 1.16 , 116.4 , 123.6 , 2.45 , 0.86 
27,벤자민,23K, 2.40 , 29 , 0 , 0 , 29 , 15 , 6 , 0 , 0 , 160.0 , 79 , 63 , 684 , 149 , 23 , 1 , 12 , 45 , 1 , 3 , 157 , 0 , 11 , 3.54 , 3.34 , 1.21 , 119.2 , 125.5 , 2.40 , 0.37 
28,임찬규,23L, 2.38 , 30 , 0 , 0 , 26 , 14 , 3 , 0 , 1 , 144.2 , 63 , 55 , 632 , 142 , 22 , 2 , 10 , 54 , 1 , 5 , 103 , 1 , 1 , 3.42 , 4.12 , 1.36 , 119.3 , 99.1 , 2.38 , 1.01 
29,노경은,23S, 2.36 , 76 , 0 , 0 , 0 , 8 , 5 , 2 , 29 , 83.0 , 33 , 33 , 357 , 78 , 13 , 2 , 4 , 36 , 5 , 4 , 65 , 0 , 8 , 3.58 , 3.77 , 1.37 , 117.0 , 111.8 , 2.36 , 1.75 
30,맥카티,23S, 2.32 , 24 , 0 , 0 , 24 , 9 , 5 , 0 , 0 , 130.0 , 58 , 49 , 543 , 124 , 19 , 2 , 10 , 45 , 0 , 1 , 116 , 1 , 4 , 3.39 , 3.72 , 1.30 , 123.4 , 114.0 , 2.32 , 0.59 
31,백정현,23삼, 2.23 , 18 , 0 , 0 , 18 , 7 , 5 , 0 , 0 , 100.2 , 44 , 41 , 419 , 100 , 19 , 2 , 6 , 30 , 2 , 0 , 61 , 1 , 5 , 3.67 , 3.84 , 1.29 , 115.5 , 108.9 , 2.23 , 0.60 
32,임기영,23K, 2.20 , 64 , 0 , 0 , 0 , 4 , 4 , 3 , 16 , 82.0 , 29 , 27 , 324 , 56 , 8 , 3 , 6 , 19 , 1 , 6 , 57 , 0 , 1 , 2.96 , 3.88 , 0.92 , 139.4 , 105.7 , 2.20 , 0.38 
33,최지민,23K, 2.18 , 58 , 0 , 0 , 0 , 6 , 3 , 3 , 12 , 59.1 , 17 , 14 , 244 , 45 , 4 , 2 , 4 , 26 , 1 , 4 , 44 , 0 , 5 , 2.12 , 4.30 , 1.20 , 194.5 , 95.6 , 2.18 , 0.25 
34,윌커슨,23롯, 2.17 , 13 , 0 , 0 , 13 , 7 , 2 , 0 , 0 , 79.2 , 28 , 20 , 327 , 67 , 15 , 2 , 3 , 20 , 0 , 2 , 81 , 1 , 3 , 2.26 , 2.73 , 1.09 , 184.1 , 151.4 , 2.17 , 1.51 
35,백승현,23L, 2.07 , 42 , 0 , 0 , 0 , 2 , 0 , 3 , 11 , 40.0 , 7 , 7 , 162 , 28 , 4 , 0 , 2 , 18 , 1 , 0 , 30 , 0 , 1 , 1.58 , 3.87 , 1.15 , 259.1 , 106.0 , 2.07 , 1.90 
36,최원태,23키L, 2.04 , 26 , 0 , 0 , 26 , 9 , 7 , 0 , 0 , 146.2 , 73 , 70 , 632 , 149 , 17 , 1 , 12 , 46 , 2 , 7 , 118 , 0 , 6 , 4.30 , 3.94 , 1.33 , 95.3 , 103.0 , 2.04 , 0.84 
37,이태양,23한, 2.01 , 50 , 0 , 0 , 12 , 3 , 3 , 0 , 2 , 100.1 , 44 , 36 , 422 , 100 , 25 , 6 , 7 , 20 , 2 , 4 , 72 , 0 , 1 , 3.23 , 3.57 , 1.20 , 128.6 , 116.1 , 2.01 , 0.65 
38,전상현,23K, 1.98 , 64 , 0 , 0 , 0 , 8 , 3 , 1 , 13 , 58.2 , 20 , 14 , 250 , 50 , 8 , 0 , 1 , 26 , 4 , 1 , 50 , 0 , 3 , 2.15 , 3.14 , 1.30 , 192.4 , 131.3 , 1.98 , 1.80 
39,켈리,23L, 1.97 , 30 , 0 , 0 , 30 , 10 , 7 , 0 , 0 , 178.2 , 87 , 76 , 746 , 183 , 31 , 3 , 10 , 39 , 1 , 6 , 129 , 0 , 6 , 3.83 , 3.47 , 1.24 , 106.6 , 118.0 , 1.97 , 0.35 
40,김원중,23롯, 1.96 , 63 , 0 , 0 , 0 , 5 , 6 , 30 , 0 , 63.2 , 24 , 21 , 265 , 51 , 5 , 3 , 2 , 25 , 3 , 5 , 82 , 0 , 3 , 2.97 , 2.55 , 1.19 , 140.1 , 162.2 , 1.96 , -0.21 
41,임창민,23키, 1.90 , 51 , 0 , 0 , 0 , 2 , 2 , 26 , 1 , 46.2 , 16 , 13 , 209 , 51 , 6 , 0 , 3 , 17 , 3 , 2 , 40 , 0 , 0 , 2.51 , 3.59 , 1.46 , 163.8 , 113.1 , 1.90 , 0.55 
42,손동현,23K, 1.84 , 64 , 0 , 0 , 0 , 8 , 5 , 1 , 15 , 73.2 , 31 , 28 , 301 , 68 , 11 , 0 , 5 , 20 , 1 , 2 , 40 , 0 , 2 , 3.42 , 4.09 , 1.20 , 123.4 , 101.6 , 1.84 , 1.11 
43,김영규,23N, 1.83 , 63 , 0 , 0 , 0 , 2 , 4 , 0 , 24 , 61.2 , 22 , 21 , 247 , 45 , 6 , 5 , 2 , 23 , 1 , 1 , 48 , 2 , 5 , 3.06 , 3.43 , 1.10 , 135.9 , 122.4 , 1.83 , 1.08 
44,오승환,23삼, 1.82 , 58 , 0 , 0 , 1 , 4 , 5 , 30 , 2 , 62.2 , 26 , 24 , 264 , 57 , 11 , 1 , 9 , 15 , 1 , 2 , 44 , 0 , 0 , 3.45 , 4.67 , 1.15 , 122.9 , 90.5 , 1.82 , 0.63 
45,산체스,23한, 1.80 , 24 , 0 , 0 , 24 , 7 , 8 , 0 , 0 , 126.0 , 62 , 53 , 540 , 136 , 23 , 0 , 13 , 28 , 2 , 6 , 99 , 0 , 3 , 3.79 , 3.97 , 1.30 , 109.7 , 104.4 , 1.80 , 0.00 
46,나균안,23롯, 1.76 , 23 , 0 , 0 , 23 , 6 , 8 , 0 , 0 , 130.1 , 61 , 55 , 569 , 140 , 27 , 3 , 8 , 42 , 1 , 5 , 114 , 0 , 6 , 3.80 , 3.55 , 1.40 , 109.5 , 115.7 , 1.76 , 0.46 
47,정해영,23K, 1.76 , 52 , 0 , 0 , 0 , 3 , 4 , 23 , 1 , 49.1 , 18 , 16 , 218 , 53 , 9 , 1 , 3 , 20 , 3 , 1 , 30 , 0 , 0 , 2.92 , 4.11 , 1.48 , 141.5 , 99.9 , 1.76 , 0.70 
48,이의리,23K, 1.75 , 28 , 0 , 0 , 28 , 11 , 7 , 0 , 0 , 131.2 , 64 , 58 , 598 , 103 , 18 , 0 , 4 , 93 , 1 , 8 , 156 , 0 , 10 , 3.96 , 3.75 , 1.49 , 104.2 , 110.4 , 1.75 , 0.05 
49,김명신,23두, 1.59 , 70 , 0 , 0 , 0 , 3 , 3 , 1 , 24 , 79.0 , 34 , 32 , 334 , 72 , 18 , 0 , 3 , 27 , 3 , 6 , 65 , 0 , 3 , 3.65 , 3.43 , 1.25 , 111.7 , 119.3 , 1.59 , 1.62 
50,최승용,23두, 1.57 , 34 , 0 , 0 , 20 , 3 , 6 , 1 , 0 , 111.0 , 54 , 49 , 479 , 116 , 11 , 1 , 9 , 34 , 0 , 4 , 82 , 0 , 3 , 3.97 , 4.05 , 1.35 , 102.5 , 99.5 , 1.57 , 0.44 
51,최준용,23롯, 1.56 , 47 , 0 , 0 , 0 , 2 , 3 , 0 , 14 , 47.2 , 15 , 13 , 210 , 50 , 6 , 0 , 2 , 18 , 1 , 1 , 40 , 0 , 1 , 2.45 , 3.44 , 1.43 , 169.5 , 119.7 , 1.56 , -0.22 
52,구창모,23N, 1.56 , 11 , 0 , 0 , 9 , 1 , 3 , 0 , 0 , 51.2 , 19 , 17 , 205 , 38 , 3 , 0 , 4 , 16 , 0 , 0 , 56 , 0 , 0 , 2.96 , 3.21 , 1.05 , 140.6 , 131.7 , 1.56 , 1.05 
53,유영찬,23L, 1.55 , 67 , 0 , 0 , 0 , 6 , 3 , 1 , 12 , 68.0 , 27 , 26 , 305 , 55 , 14 , 1 , 4 , 40 , 2 , 7 , 55 , 0 , 8 , 3.44 , 4.58 , 1.40 , 118.6 , 89.5 , 1.55 , -0.12 
54,윤영철,23K, 1.49 , 25 , 0 , 0 , 24 , 8 , 7 , 0 , 0 , 122.2 , 59 , 55 , 528 , 124 , 27 , 3 , 10 , 48 , 1 , 1 , 74 , 1 , 4 , 4.04 , 4.47 , 1.40 , 102.4 , 92.0 , 1.49 , 0.63 
55,태너,23N, 1.48 , 11 , 0 , 0 , 11 , 5 , 2 , 0 , 0 , 64.2 , 26 , 21 , 265 , 58 , 8 , 0 , 6 , 13 , 0 , 1 , 47 , 0 , 0 , 2.92 , 3.84 , 1.10 , 142.5 , 109.6 , 1.48 , 0.55 
56,수아레즈,23삼, 1.47 , 19 , 0 , 0 , 19 , 4 , 7 , 0 , 0 , 108.0 , 54 , 47 , 479 , 129 , 19 , 1 , 3 , 32 , 0 , 2 , 88 , 0 , 6 , 3.92 , 3.12 , 1.49 , 108.1 , 133.1 , 1.47 , 0.51 
57,김동주,23두, 1.29 , 18 , 0 , 0 , 17 , 3 , 6 , 0 , 0 , 78.1 , 37 , 36 , 334 , 73 , 14 , 4 , 5 , 35 , 0 , 4 , 59 , 1 , 4 , 4.14 , 4.26 , 1.38 , 98.5 , 95.2 , 1.29 , 0.25 
58,신민혁,23N, 1.22 , 29 , 0 , 0 , 24 , 5 , 5 , 0 , 0 , 122.0 , 63 , 54 , 518 , 122 , 27 , 2 , 14 , 25 , 0 , 6 , 97 , 0 , 3 , 3.98 , 4.11 , 1.21 , 104.5 , 102.8 , 1.22 , -0.36 
59,김상수,23롯, 1.21 , 66 , 0 , 0 , 0 , 4 , 2 , 1 , 18 , 52.0 , 22 , 18 , 218 , 45 , 7 , 1 , 1 , 21 , 0 , 3 , 36 , 0 , 1 , 3.12 , 3.69 , 1.27 , 133.5 , 112.4 , 1.21 , 0.60 
60,이용찬,23N, 1.18 , 60 , 0 , 0 , 0 , 4 , 4 , 29 , 0 , 61.0 , 28 , 28 , 254 , 53 , 6 , 1 , 5 , 19 , 1 , 3 , 51 , 0 , 4 , 4.13 , 3.87 , 1.18 , 100.8 , 108.9 , 1.18 , 1.31 
61,홍건희,23두, 1.18 , 64 , 0 , 0 , 0 , 1 , 5 , 22 , 5 , 61.2 , 28 , 21 , 277 , 67 , 10 , 3 , 4 , 24 , 3 , 0 , 62 , 0 , 8 , 3.06 , 3.30 , 1.48 , 132.9 , 122.7 , 1.18 , -1.08 
62,박치국,23두, 1.16 , 62 , 0 , 0 , 0 , 5 , 3 , 2 , 11 , 52.2 , 22 , 21 , 236 , 54 , 9 , 2 , 3 , 21 , 1 , 5 , 48 , 0 , 2 , 3.59 , 3.78 , 1.42 , 113.5 , 107.3 , 1.16 , 0.00 
63,정철원,23두, 1.14 , 67 , 0 , 0 , 0 , 7 , 6 , 13 , 11 , 72.2 , 36 , 32 , 315 , 66 , 6 , 0 , 8 , 32 , 2 , 2 , 55 , 1 , 6 , 3.96 , 4.68 , 1.35 , 102.8 , 85.6 , 1.14 , 0.20 
64,김성진,23키, 1.11 , 55 , 0 , 0 , 0 , 3 , 3 , 0 , 7 , 47.0 , 19 , 19 , 208 , 44 , 7 , 0 , 5 , 25 , 2 , 1 , 38 , 0 , 0 , 3.64 , 4.74 , 1.47 , 112.9 , 85.4 , 1.11 , -0.47 
65,윤대경,23한, 1.11 , 47 , 0 , 0 , 0 , 5 , 1 , 0 , 2 , 47.2 , 18 , 13 , 199 , 36 , 9 , 1 , 4 , 19 , 0 , 6 , 28 , 0 , 2 , 2.45 , 4.93 , 1.15 , 169.2 , 84.2 , 1.11 , 0.58 
66,배제성,23K, 1.04 , 26 , 0 , 0 , 24 , 8 , 10 , 0 , 0 , 130.1 , 72 , 65 , 596 , 144 , 20 , 1 , 6 , 77 , 0 , 2 , 79 , 1 , 9 , 4.49 , 4.65 , 1.70 , 94.1 , 89.7 , 1.04 , -0.97 
67,이승현,23삼, 1.03 , 60 , 0 , 0 , 0 , 4 , 3 , 0 , 14 , 60.0 , 29 , 24 , 264 , 68 , 12 , 1 , 5 , 15 , 1 , 0 , 42 , 0 , 2 , 3.60 , 3.83 , 1.38 , 117.6 , 109.8 , 1.03 , -0.04 
68,한승주,23한, 1.03 , 47 , 0 , 0 , 6 , 1 , 4 , 0 , 2 , 70.2 , 34 , 31 , 320 , 81 , 16 , 2 , 6 , 31 , 2 , 4 , 55 , 0 , 5 , 3.95 , 4.39 , 1.59 , 105.2 , 94.5 , 1.03 , -0.76 
69,김윤식,23L, 1.01 , 17 , 0 , 0 , 16 , 6 , 4 , 0 , 0 , 74.2 , 35 , 35 , 320 , 86 , 13 , 2 , 4 , 25 , 0 , 3 , 42 , 0 , 4 , 4.22 , 4.14 , 1.49 , 96.7 , 98.9 , 1.01 , 0.40 
70,김재웅,23키, 1.00 , 67 , 0 , 0 , 0 , 2 , 3 , 6 , 18 , 59.2 , 29 , 28 , 250 , 56 , 11 , 0 , 2 , 24 , 1 , 0 , 46 , 0 , 0 , 4.22 , 3.49 , 1.34 , 97.2 , 116.9 , 1.00 , 1.35 
71,장시환,23한, 1.00 , 39 , 0 , 0 , 0 , 2 , 2 , 1 , 7 , 34.2 , 13 , 13 , 153 , 32 , 4 , 0 , 1 , 21 , 1 , 4 , 24 , 0 , 3 , 3.38 , 4.51 , 1.53 , 123.0 , 92.0 , 1.00 , -0.81 
72,고우석,23L, 0.99 , 44 , 0 , 0 , 0 , 3 , 8 , 15 , 0 , 44.0 , 19 , 18 , 190 , 38 , 6 , 0 , 2 , 22 , 1 , 4 , 59 , 0 , 5 , 3.68 , 3.06 , 1.36 , 110.9 , 134.3 , 0.99 , -0.75 
73,이준영,23K, 0.97 , 64 , 0 , 0 , 0 , 1 , 0 , 0 , 10 , 33.2 , 12 , 12 , 149 , 26 , 3 , 1 , 0 , 23 , 2 , 2 , 30 , 0 , 1 , 3.21 , 3.71 , 1.46 , 128.8 , 111.6 , 0.97 , -0.02 
74,최민준,23S, 0.96 , 53 , 0 , 0 , 0 , 5 , 3 , 1 , 7 , 60.0 , 29 , 28 , 262 , 75 , 10 , 2 , 7 , 19 , 1 , 1 , 37 , 0 , 2 , 4.20 , 4.68 , 1.57 , 99.6 , 90.9 , 0.96 , -0.59 
75,이건욱,23S, 0.93 , 27 , 0 , 0 , 1 , 1 , 0 , 0 , 0 , 38.2 , 13 , 10 , 169 , 31 , 7 , 0 , 0 , 25 , 2 , 2 , 31 , 0 , 2 , 2.33 , 3.78 , 1.45 , 179.8 , 110.1 , 0.93 , -0.09 
76,구승민,23롯, 0.87 , 67 , 0 , 0 , 0 , 2 , 6 , 3 , 22 , 63.2 , 32 , 28 , 289 , 65 , 8 , 0 , 4 , 29 , 0 , 5 , 66 , 0 , 2 , 3.96 , 3.79 , 1.48 , 105.1 , 108.6 , 0.87 , -0.45 
77,파노니,23K, 0.85 , 16 , 0 , 0 , 15 , 6 , 3 , 0 , 0 , 82.1 , 41 , 39 , 351 , 86 , 14 , 1 , 6 , 23 , 0 , 2 , 66 , 0 , 0 , 4.26 , 3.70 , 1.32 , 96.9 , 111.0 , 0.85 , 0.04 
78,이정용,23L, 0.82 , 37 , 0 , 0 , 13 , 7 , 2 , 3 , 1 , 86.2 , 45 , 40 , 382 , 100 , 20 , 1 , 5 , 19 , 0 , 2 , 50 , 0 , 3 , 4.15 , 3.77 , 1.37 , 98.3 , 108.5 , 0.82 , -0.67 
79,스트레일리,23롯, 0.81 , 16 , 0 , 0 , 16 , 3 , 5 , 0 , 0 , 80.1 , 43 , 39 , 364 , 82 , 8 , 1 , 6 , 37 , 0 , 10 , 70 , 0 , 4 , 4.37 , 4.43 , 1.48 , 95.2 , 92.8 , 0.81 , -0.27 
80,심재민,23K롯, 0.81 , 33 , 0 , 0 , 6 , 3 , 1 , 0 , 6 , 47.2 , 23 , 20 , 218 , 57 , 6 , 0 , 2 , 18 , 1 , 1 , 29 , 0 , 1 , 3.78 , 3.90 , 1.57 , 110.3 , 105.6 , 0.81 , 0.11 
81,이우찬,23L, 0.80 , 38 , 0 , 0 , 0 , 1 , 3 , 0 , 5 , 38.1 , 15 , 15 , 157 , 35 , 4 , 0 , 1 , 18 , 0 , 2 , 30 , 1 , 2 , 3.52 , 3.78 , 1.38 , 115.9 , 109.0 , 0.80 , 0.35 
82,김범수,23한, 0.77 , 76 , 0 , 0 , 0 , 5 , 5 , 1 , 18 , 62.1 , 33 , 29 , 283 , 64 , 10 , 0 , 3 , 33 , 5 , 3 , 52 , 0 , 4 , 4.19 , 3.89 , 1.56 , 99.2 , 106.5 , 0.77 , -0.32 
83,이재익,23삼, 0.77 , 51 , 0 , 0 , 0 , 1 , 3 , 0 , 11 , 41.0 , 19 , 18 , 181 , 46 , 5 , 1 , 3 , 17 , 3 , 0 , 26 , 0 , 3 , 3.95 , 4.15 , 1.54 , 107.2 , 101.3 , 0.77 , -0.71 
84,주권,23K, 0.75 , 42 , 0 , 0 , 3 , 1 , 2 , 0 , 5 , 47.0 , 23 , 23 , 205 , 49 , 7 , 1 , 4 , 19 , 2 , 2 , 17 , 0 , 0 , 4.40 , 5.04 , 1.45 , 95.9 , 82.4 , 0.75 , -0.47 
85,최동환,23L, 0.74 , 45 , 0 , 0 , 0 , 0 , 0 , 1 , 1 , 42.1 , 18 , 15 , 189 , 42 , 11 , 0 , 1 , 17 , 2 , 3 , 20 , 0 , 0 , 3.19 , 4.08 , 1.39 , 128.0 , 101.1 , 0.74 , 0.18 
86,이상동,23K, 0.72 , 36 , 0 , 0 , 0 , 4 , 1 , 0 , 1 , 40.2 , 19 , 18 , 179 , 45 , 10 , 0 , 4 , 15 , 2 , 0 , 43 , 0 , 1 , 3.98 , 3.57 , 1.48 , 106.0 , 117.5 , 0.72 , 0.43 
87,최성영,23N, 0.68 , 18 , 0 , 0 , 13 , 5 , 4 , 0 , 0 , 66.2 , 37 , 36 , 303 , 77 , 15 , 2 , 6 , 32 , 0 , 5 , 38 , 0 , 1 , 4.86 , 5.14 , 1.64 , 85.7 , 81.8 , 0.68 , -0.73 
88,이재학,23N, 0.68 , 15 , 0 , 0 , 13 , 5 , 5 , 0 , 0 , 67.1 , 36 , 34 , 293 , 55 , 5 , 2 , 6 , 33 , 0 , 5 , 43 , 0 , 7 , 4.54 , 5.02 , 1.31 , 91.6 , 83.8 , 0.68 , -0.23 
89,정찬헌,23키, 0.68 , 14 , 1 , 0 , 14 , 2 , 8 , 0 , 0 , 72.0 , 40 , 38 , 295 , 71 , 12 , 3 , 4 , 13 , 1 , 2 , 35 , 0 , 0 , 4.75 , 3.78 , 1.17 , 86.5 , 108.1 , 0.68 , -0.15 
90,최원준,23두, 0.65 , 26 , 0 , 0 , 20 , 3 , 10 , 0 , 0 , 107.2 , 60 , 59 , 465 , 119 , 33 , 1 , 11 , 28 , 0 , 12 , 71 , 0 , 1 , 4.93 , 4.57 , 1.37 , 82.6 , 87.8 , 0.65 , -0.31 
91,앤더슨,23K, 0.64 , 14 , 0 , 0 , 14 , 4 , 7 , 0 , 0 , 79.0 , 42 , 33 , 336 , 76 , 12 , 3 , 6 , 26 , 0 , 2 , 64 , 0 , 10 , 3.76 , 3.87 , 1.29 , 109.9 , 106.0 , 0.64 , -0.03 
92,김진호,23N, 0.60 , 19 , 0 , 0 , 0 , 2 , 1 , 0 , 9 , 16.1 , 5 , 5 , 73 , 15 , 2 , 0 , 0 , 10 , 0 , 1 , 22 , 0 , 3 , 2.76 , 2.77 , 1.53 , 151.2 , 151.7 , 0.60 , 0.27 
93,하준영,23N, 0.59 , 57 , 0 , 0 , 0 , 1 , 0 , 0 , 2 , 49.0 , 25 , 25 , 215 , 52 , 6 , 1 , 4 , 19 , 1 , 2 , 49 , 0 , 0 , 4.59 , 3.73 , 1.45 , 90.7 , 113.2 , 0.59 , -1.15 
94,김규연,23한, 0.54 , 23 , 0 , 0 , 0 , 0 , 1 , 1 , 0 , 19.2 , 7 , 6 , 85 , 16 , 2 , 1 , 0 , 10 , 0 , 2 , 20 , 0 , 2 , 2.75 , 3.24 , 1.32 , 151.2 , 127.9 , 0.54 , 0.02 
95,이호성,23삼, 0.53 , 5 , 0 , 0 , 2 , 1 , 0 , 0 , 0 , 17.0 , 5 , 5 , 71 , 11 , 4 , 1 , 1 , 10 , 0 , 0 , 11 , 0 , 1 , 2.65 , 4.68 , 1.24 , 160.0 , 89.0 , 0.53 , 0.13 
96,장현식,23K, 0.52 , 56 , 0 , 0 , 0 , 2 , 2 , 3 , 5 , 51.0 , 26 , 23 , 226 , 58 , 8 , 0 , 6 , 26 , 1 , 1 , 44 , 0 , 1 , 4.06 , 4.78 , 1.65 , 101.8 , 85.7 , 0.52 , -0.62 
97,김대우,23삼, 0.50 , 44 , 0 , 0 , 5 , 0 , 2 , 0 , 4 , 64.0 , 37 , 32 , 277 , 66 , 9 , 1 , 7 , 22 , 1 , 3 , 49 , 0 , 1 , 4.50 , 4.46 , 1.38 , 94.1 , 94.3 , 0.50 , -1.38 
98,요키시,23키, 0.47 , 12 , 0 , 0 , 12 , 5 , 3 , 0 , 0 , 65.2 , 37 , 32 , 286 , 82 , 14 , 1 , 3 , 14 , 1 , 3 , 51 , 0 , 1 , 4.39 , 3.21 , 1.46 , 93.6 , 126.6 , 0.47 , -0.13 
99,조민석,23N, 0.44 , 35 , 0 , 0 , 0 , 1 , 0 , 0 , 4 , 31.0 , 15 , 14 , 137 , 33 , 9 , 0 , 2 , 14 , 0 , 3 , 28 , 0 , 1 , 4.06 , 4.12 , 1.52 , 102.5 , 102.0 , 0.44 , 0.10 
100,고효준,23S, 0.44 , 73 , 0 , 0 , 0 , 4 , 1 , 0 , 13 , 58.0 , 32 , 29 , 262 , 49 , 3 , 0 , 3 , 42 , 0 , 3 , 66 , 0 , 4 , 4.50 , 4.17 , 1.57 , 93.0 , 101.1 , 0.44 , 0.08 
101,신정락,23롯, 0.43 , 34 , 0 , 0 , 0 , 4 , 0 , 0 , 1 , 29.0 , 15 , 15 , 128 , 32 , 6 , 0 , 4 , 11 , 3 , 3 , 28 , 0 , 0 , 4.66 , 4.44 , 1.48 , 89.4 , 90.9 , 0.43 , -0.52 
102,윤중현,23K, 0.42 , 31 , 0 , 0 , 0 , 2 , 1 , 0 , 0 , 28.0 , 13 , 12 , 115 , 29 , 3 , 0 , 2 , 10 , 1 , 1 , 8 , 0 , 0 , 3.86 , 4.87 , 1.39 , 107.1 , 84.5 , 0.42 , 0.20 
103,조영건,23키, 0.40 , 6 , 0 , 0 , 0 , 0 , 0 , 0 , 1 , 7.2 , 0 , 0 , 27 , 5 , 1 , 0 , 0 , 2 , 0 , 0 , 7 , 0 , 0 , 0.00 , 2.40 , 0.91 ,  , 170.8 , 0.40 , 0.20 
104,박상원,23한, 0.37 , 55 , 0 , 0 , 0 , 5 , 3 , 16 , 0 , 61.2 , 35 , 25 , 277 , 63 , 9 , 3 , 2 , 29 , 4 , 3 , 57 , 0 , 2 , 3.65 , 3.38 , 1.49 , 113.8 , 122.6 , 0.37 , 0.92 
105,우규민,23삼, 0.34 , 56 , 0 , 0 , 0 , 3 , 1 , 0 , 13 , 43.0 , 25 , 23 , 188 , 55 , 9 , 0 , 3 , 5 , 0 , 3 , 28 , 0 , 0 , 4.81 , 3.61 , 1.40 , 88.0 , 116.2 , 0.34 , -0.26 
106,김도규,23롯, 0.32 , 36 , 0 , 0 , 0 , 0 , 3 , 1 , 1 , 29.2 , 16 , 16 , 132 , 29 , 5 , 0 , 1 , 13 , 0 , 1 , 26 , 0 , 6 , 4.85 , 3.54 , 1.42 , 85.7 , 116.7 , 0.32 , -1.28 
107,송명기,23N, 0.30 , 35 , 0 , 0 , 17 , 4 , 9 , 0 , 0 , 104.1 , 64 , 57 , 474 , 106 , 15 , 2 , 12 , 47 , 0 , 11 , 65 , 0 , 6 , 4.92 , 5.36 , 1.47 , 84.7 , 78.5 , 0.30 , -1.33 
108,박민호,23S, 0.29 , 10 , 0 , 0 , 0 , 0 , 0 , 0 , 0 , 10.0 , 3 , 1 , 47 , 14 , 1 , 0 , 0 , 1 , 0 , 2 , 4 , 0 , 0 , 0.90 , 3.54 , 1.50 , 465.0 , 117.8 , 0.29 , 0.14 
109,김기중,23한, 0.28 , 37 , 0 , 0 , 6 , 1 , 3 , 0 , 1 , 56.1 , 33 , 29 , 253 , 58 , 9 , 3 , 4 , 29 , 1 , 9 , 46 , 0 , 2 , 4.63 , 4.70 , 1.54 , 89.6 , 88.3 , 0.28 , 0.20 
110,이민우,23한, 0.26 , 17 , 0 , 0 , 0 , 2 , 1 , 0 , 2 , 13.2 , 6 , 4 , 57 , 8 , 0 , 0 , 2 , 6 , 0 , 0 , 11 , 0 , 1 , 2.63 , 5.05 , 1.02 , 157.6 , 82.1 , 0.26 , 0.07 
111,문승원,23S, 0.25 , 50 , 0 , 0 , 12 , 5 , 8 , 1 , 8 , 105.0 , 66 , 61 , 479 , 138 , 27 , 1 , 12 , 35 , 1 , 6 , 65 , 0 , 3 , 5.23 , 4.83 , 1.65 , 80.0 , 87.9 , 0.25 , -1.88 
112,정우람,23한, 0.24 , 52 , 0 , 0 , 0 , 0 , 1 , 0 , 8 , 40.1 , 24 , 24 , 183 , 45 , 8 , 2 , 3 , 17 , 0 , 2 , 30 , 0 , 3 , 5.36 , 4.34 , 1.54 , 77.5 , 95.7 , 0.24 , 0.24 
113,석상호,23롯, 0.24 , 5 , 0 , 0 , 0 , 0 , 0 , 0 , 0 , 5.1 , 0 , 0 , 22 , 4 , 1 , 0 , 0 , 2 , 0 , 0 , 6 , 0 , 1 , 0.00 , 2.32 , 1.13 ,  , 180.7 , 0.24 , -0.01 
114,강건,23K, 0.24 , 4 , 0 , 0 , 0 , 0 , 0 , 1 , 0 , 6.2 , 1 , 1 , 28 , 4 , 2 , 0 , 0 , 3 , 0 , 0 , 8 , 0 , 1 , 1.35 , 2.39 , 1.05 , 312.8 , 176.9 , 0.24 , -0.10 
115,이용준,23N, 0.24 , 24 , 0 , 0 , 12 , 3 , 4 , 0 , 0 , 67.0 , 39 , 32 , 304 , 60 , 11 , 0 , 5 , 44 , 0 , 2 , 50 , 0 , 1 , 4.30 , 4.98 , 1.55 , 96.9 , 84.5 , 0.24 , -0.99 
116,김강률,23두, 0.23 , 32 , 0 , 0 , 0 , 1 , 0 , 1 , 7 , 25.2 , 14 , 12 , 115 , 23 , 3 , 0 , 2 , 12 , 0 , 2 , 21 , 0 , 2 , 4.21 , 4.46 , 1.36 , 96.8 , 90.7 , 0.23 , 0.15 
117,박정수,23두, 0.23 , 25 , 0 , 0 , 0 , 1 , 0 , 1 , 0 , 36.2 , 22 , 17 , 165 , 37 , 12 , 0 , 1 , 18 , 1 , 6 , 28 , 0 , 2 , 4.17 , 4.15 , 1.50 , 97.6 , 99.0 , 0.23 , 0.13 
118,이상규,23L, 0.23 , 8 , 0 , 0 , 0 , 0 , 0 , 0 , 0 , 7.2 , 2 , 2 , 34 , 7 , 0 , 0 , 0 , 5 , 0 , 0 , 6 , 0 , 1 , 2.35 , 3.83 , 1.57 , 173.8 , 108.2 , 0.23 , 0.17 
119,문용익,23삼, 0.23 , 14 , 0 , 0 , 0 , 1 , 0 , 0 , 0 , 13.0 , 6 , 6 , 59 , 8 , 1 , 0 , 0 , 12 , 0 , 2 , 12 , 0 , 5 , 4.15 , 4.83 , 1.54 , 102.0 , 85.3 , 0.23 , -0.13 
120,백승우,23두, 0.21 , 6 , 0 , 0 , 0 , 0 , 0 , 0 , 0 , 4.0 , 0 , 0 , 18 , 3 , 0 , 0 , 0 , 3 , 0 , 1 , 1 , 0 , 0 , 0.00 , 5.94 , 1.50 ,  , 69.7 , 0.21 , -0.10 
121,박준표,23K, 0.18 , 33 , 0 , 0 , 0 , 1 , 0 , 0 , 3 , 28.0 , 16 , 14 , 118 , 28 , 3 , 1 , 3 , 9 , 1 , 0 , 13 , 0 , 1 , 4.50 , 4.76 , 1.32 , 91.8 , 86.0 , 0.18 , -0.20 
122,이명종,23키, 0.16 , 45 , 0 , 0 , 2 , 5 , 5 , 0 , 1 , 57.0 , 34 , 33 , 260 , 66 , 13 , 0 , 5 , 24 , 0 , 6 , 26 , 0 , 0 , 5.21 , 5.25 , 1.58 , 78.8 , 77.7 , 0.16 , -1.16 
123,윤정현,23키, 0.16 , 5 , 0 , 0 , 0 , 0 , 0 , 0 , 0 , 6.0 , 2 , 1 , 26 , 5 , 0 , 0 , 0 , 6 , 0 , 0 , 2 , 0 , 1 , 1.50 , 5.78 , 1.83 , 273.8 , 71.5 , 0.16 , -0.12 
124,이진하,23롯, 0.16 , 9 , 0 , 0 , 0 , 0 , 0 , 0 , 0 , 8.0 , 3 , 3 , 31 , 4 , 3 , 0 , 0 , 3 , 0 , 1 , 2 , 0 , 1 , 3.38 , 4.44 , 0.88 , 123.3 , 93.6 , 0.16 , -0.04 
125,이병헌,23두, 0.16 , 36 , 0 , 0 , 0 , 0 , 0 , 0 , 5 , 27.0 , 16 , 14 , 126 , 25 , 7 , 0 , 2 , 22 , 0 , 1 , 28 , 0 , 3 , 4.67 , 4.89 , 1.74 , 87.3 , 83.0 , 0.16 , -0.86 
126,김승현,23K, 0.16 , 10 , 0 , 0 , 0 , 0 , 0 , 0 , 0 , 12.2 , 6 , 6 , 57 , 11 , 2 , 0 , 1 , 10 , 0 , 1 , 7 , 0 , 1 , 4.26 , 5.97 , 1.66 , 96.9 , 69.2 , 0.16 , -0.02 
127,전용주,23K, 0.15 , 15 , 0 , 0 , 0 , 0 , 1 , 0 , 1 , 10.1 , 5 , 5 , 43 , 6 , 4 , 0 , 0 , 6 , 0 , 1 , 9 , 0 , 4 , 4.35 , 3.73 , 1.16 , 97.0 , 112.2 , 0.15 , 0.04 
128,백승건,23S, 0.14 , 25 , 0 , 0 , 2 , 2 , 2 , 0 , 3 , 38.0 , 24 , 21 , 170 , 41 , 5 , 0 , 7 , 17 , 0 , 0 , 29 , 0 , 0 , 4.97 , 5.65 , 1.53 , 84.1 , 75.8 , 0.14 , 0.18 
129,이재희,23삼, 0.14 , 2 , 0 , 0 , 1 , 0 , 0 , 0 , 0 , 8.0 , 3 , 3 , 33 , 4 , 1 , 0 , 1 , 5 , 0 , 0 , 5 , 0 , 1 , 3.38 , 5.69 , 1.13 , 125.5 , 73.7 , 0.14 , -0.06 
130,전사민,23N, 0.14 , 9 , 0 , 0 , 0 , 0 , 2 , 1 , 0 , 17.0 , 10 , 9 , 81 , 17 , 1 , 0 , 1 , 14 , 1 , 2 , 6 , 0 , 1 , 4.76 , 6.15 , 1.82 , 87.4 , 68.2 , 0.14 , -0.17 
131,문성현,23키, 0.14 , 32 , 0 , 0 , 0 , 2 , 2 , 0 , 2 , 28.1 , 16 , 13 , 134 , 25 , 3 , 0 , 2 , 20 , 2 , 2 , 21 , 0 , 2 , 4.13 , 5.00 , 1.59 , 99.4 , 81.7 , 0.14 , -0.70 
132,김태현,23N, 0.13 , 16 , 0 , 0 , 0 , 1 , 0 , 0 , 0 , 20.1 , 13 , 10 , 90 , 17 , 1 , 1 , 4 , 13 , 0 , 1 , 14 , 0 , 0 , 4.43 , 6.69 , 1.48 , 94.1 , 63.2 , 0.13 , -0.01 
133,이선우,23K, 0.13 , 22 , 0 , 0 , 4 , 0 , 2 , 0 , 0 , 37.1 , 20 , 18 , 169 , 47 , 6 , 0 , 5 , 9 , 0 , 4 , 24 , 0 , 0 , 4.34 , 4.94 , 1.50 , 97.3 , 84.0 , 0.13 , -0.66 
134,진해수,23L, 0.13 , 19 , 0 , 0 , 0 , 0 , 0 , 0 , 2 , 14.2 , 8 , 5 , 72 , 18 , 3 , 0 , 2 , 10 , 0 , 0 , 12 , 0 , 3 , 3.07 , 5.62 , 1.91 , 133.0 , 72.0 , 0.13 , -0.44 
135,이승현,23삼, 0.13 , 48 , 0 , 0 , 0 , 1 , 5 , 5 , 7 , 43.1 , 26 , 24 , 199 , 41 , 6 , 0 , 6 , 29 , 1 , 2 , 37 , 0 , 2 , 4.98 , 5.61 , 1.62 , 85.0 , 74.9 , 0.13 , -1.60 
136,김창훈,23롯, 0.12 , 3 , 0 , 0 , 0 , 0 , 0 , 0 , 0 , 4.1 , 1 , 1 , 17 , 5 , 0 , 1 , 0 , 1 , 0 , 0 , 1 , 0 , 0 , 2.08 , 3.67 , 1.39 , 200.3 , 113.1 , 0.12 , 0.10 
137,한재승,23N, 0.11 , 11 , 0 , 0 , 0 , 0 , 1 , 0 , 0 , 9.2 , 5 , 4 , 44 , 9 , 1 , 0 , 2 , 5 , 0 , 0 , 10 , 0 , 1 , 3.72 , 5.62 , 1.45 , 111.8 , 75.6 , 0.11 , -0.24 
138,최지광,23삼, 0.10 , 22 , 0 , 0 , 0 , 2 , 0 , 0 , 1 , 17.1 , 10 , 10 , 82 , 17 , 2 , 0 , 4 , 9 , 0 , 1 , 18 , 0 , 0 , 5.19 , 6.10 , 1.50 , 81.6 , 69.5 , 0.10 , -0.69 
139,송은범,23L, 0.10 , 4 , 0 , 0 , 0 , 0 , 0 , 0 , 0 , 3.2 , 1 , 1 , 17 , 6 , 0 , 0 , 0 , 3 , 0 , 0 , 2 , 0 , 0 , 2.45 , 4.81 , 2.46 , 166.3 , 86.2 , 0.10 , -0.10 
140,이상영,23L, 0.10 , 6 , 0 , 0 , 2 , 0 , 1 , 0 , 0 , 11.0 , 5 , 4 , 54 , 12 , 3 , 0 , 0 , 8 , 0 , 3 , 4 , 0 , 0 , 3.27 , 5.72 , 1.82 , 124.7 , 72.3 , 0.10 , -0.14 
141,김유신,23K, 0.10 , 27 , 0 , 0 , 0 , 0 , 1 , 0 , 2 , 30.1 , 19 , 19 , 141 , 34 , 8 , 0 , 2 , 19 , 0 , 3 , 12 , 0 , 0 , 5.64 , 5.68 , 1.75 , 73.3 , 72.7 , 0.10 , -0.64 
142,김대유,23K, 0.10 , 41 , 0 , 0 , 0 , 0 , 2 , 0 , 4 , 24.2 , 15 , 14 , 110 , 26 , 1 , 1 , 2 , 8 , 1 , 6 , 20 , 0 , 0 , 5.11 , 4.46 , 1.38 , 80.9 , 91.9 , 0.10 , -0.55 
143,박승주,23키, 0.10 , 18 , 0 , 0 , 0 , 0 , 3 , 0 , 0 , 18.0 , 11 , 7 , 91 , 19 , 3 , 2 , 2 , 13 , 0 , 2 , 15 , 0 , 5 , 3.50 , 5.72 , 1.78 , 117.3 , 70.9 , 0.10 , -0.77 
144,이민석,23롯, 0.09 , 1 , 0 , 0 , 0 , 0 , 0 , 0 , 0 , 1.1 , 0 , 0 , 5 , 0 , 0 , 0 , 0 , 1 , 0 , 0 , 1 , 0 , 0 , 0.00 , 4.19 , 0.75 ,  , 99.5 , 0.09 , 0.10 
145,최지강,23두, 0.09 , 25 , 0 , 0 , 0 , 2 , 1 , 0 , 2 , 22.0 , 13 , 13 , 102 , 16 , 4 , 0 , 0 , 21 , 0 , 0 , 14 , 0 , 0 , 5.32 , 5.03 , 1.68 , 76.6 , 82.4 , 0.09 , 0.41 
146,윤호솔,23L, 0.09 , 4 , 0 , 0 , 0 , 0 , 0 , 0 , 0 , 3.2 , 1 , 1 , 17 , 3 , 1 , 0 , 0 , 3 , 0 , 0 , 4 , 0 , 0 , 2.45 , 3.72 , 1.64 , 166.3 , 111.7 , 0.09 , 0.04 
147,박신지,23두, 0.08 , 15 , 0 , 0 , 1 , 0 , 0 , 0 , 0 , 26.0 , 16 , 16 , 129 , 39 , 13 , 0 , 1 , 11 , 0 , 3 , 15 , 0 , 2 , 5.54 , 4.40 , 1.92 , 73.5 , 92.9 , 0.08 , -0.64 
148,홍원표,23삼, 0.08 , 3 , 0 , 0 , 0 , 0 , 0 , 0 , 0 , 3.2 , 1 , 1 , 15 , 2 , 0 , 0 , 0 , 2 , 0 , 0 , 1 , 0 , 0 , 2.45 , 4.53 , 1.09 , 172.5 , 91.2 , 0.08 , 0.01 
149,임정호,23N, 0.08 , 65 , 0 , 0 , 0 , 4 , 4 , 0 , 15 , 50.0 , 30 , 26 , 216 , 51 , 9 , 1 , 3 , 17 , 0 , 4 , 49 , 1 , 4 , 4.68 , 3.52 , 1.36 , 89.0 , 119.4 , 0.08 , -0.29 
150,김정운,23K, 0.08 , 5 , 0 , 0 , 0 , 0 , 0 , 0 , 0 , 7.0 , 4 , 3 , 35 , 6 , 2 , 0 , 0 , 6 , 0 , 2 , 3 , 0 , 0 , 3.86 , 6.01 , 1.71 , 109.5 , 69.2 , 0.08 , -0.04 
151,이승호,23키, 0.08 , 4 , 0 , 0 , 1 , 0 , 0 , 0 , 1 , 5.0 , 3 , 3 , 24 , 5 , 3 , 0 , 1 , 4 , 0 , 0 , 1 , 0 , 0 , 5.40 , 8.04 , 1.80 , 76.0 , 50.4 , 0.08 , -0.05 
152,김강현,23롯, 0.05 , 2 , 0 , 0 , 0 , 0 , 0 , 0 , 0 , 3.0 , 1 , 1 , 13 , 1 , 0 , 0 , 0 , 2 , 0 , 1 , 0 , 0 , 0 , 3.00 , 6.44 , 1.00 , 138.7 , 64.6 , 0.05 , -0.00 
153,서동민,23S, 0.05 , 2 , 0 , 0 , 0 , 0 , 0 , 0 , 0 , 1.0 , 0 , 0 , 6 , 0 , 0 , 0 , 0 , 3 , 0 , 0 , 1 , 0 , 0 , 0.00 , 10.44 , 3.00 ,  , 39.8 , 0.05 , -0.05 
154,김시훈,23N, 0.05 , 61 , 0 , 0 , 0 , 4 , 3 , 3 , 12 , 52.2 , 32 , 26 , 245 , 57 , 10 , 1 , 3 , 34 , 0 , 1 , 49 , 0 , 3 , 4.44 , 4.32 , 1.73 , 93.7 , 97.5 , 0.05 , -1.51 
155,박영완,23롯, 0.05 , 1 , 0 , 0 , 0 , 0 , 0 , 0 , 0 , 1.0 , 0 , 0 , 3 , 0 , 0 , 0 , 0 , 1 , 0 , 0 , 1 , 0 , 0 , 0.00 , 4.44 , 1.00 ,  , 94.0 , 0.05 , 0.01 
156,하준수,23N, 0.04 , 1 , 0 , 0 , 0 , 0 , 0 , 0 , 0 , 1.0 , 0 , 0 , 5 , 0 , 0 , 0 , 0 , 2 , 0 , 0 , 1 , 0 , 0 , 0.00 , 7.44 , 2.00 ,  , 56.5 , 0.04 , 0.00 
157,하준호,23K, 0.04 , 12 , 0 , 0 , 0 , 0 , 1 , 0 , 0 , 13.0 , 9 , 7 , 65 , 14 , 1 , 0 , 0 , 10 , 2 , 5 , 6 , 0 , 4 , 4.85 , 5.52 , 1.85 , 87.1 , 75.5 , 0.04 , -0.15 
158,송승기,23L, 0.04 , 1 , 0 , 0 , 0 , 0 , 0 , 0 , 0 , 1.0 , 0 , 0 , 5 , 1 , 0 , 0 , 0 , 1 , 0 , 0 , 0 , 0 , 0 , 0.00 , 6.44 , 2.00 ,  , 64.2 , 0.04 , 0.00 
159,김태욱,23롯, 0.04 , 1 , 0 , 0 , 0 , 0 , 0 , 0 , 0 , 1.0 , 0 , 0 , 3 , 0 , 0 , 0 , 0 , 0 , 0 , 0 , 0 , 0 , 0 , 0.00 , 3.44 , 0.00 ,  , 120.5 , 0.04 , 0.00 
160,유승철,23K, 0.03 , 1 , 0 , 0 , 0 , 0 , 0 , 0 , 0 , 1.0 , 0 , 0 , 4 , 0 , 0 , 0 , 0 , 1 , 0 , 0 , 0 , 0 , 0 , 0.00 , 6.44 , 1.00 ,  , 64.7 , 0.03 , 0.00 
161,류원석,23한, 0.03 , 1 , 0 , 0 , 0 , 0 , 0 , 0 , 0 , 2.0 , 1 , 1 , 8 , 1 , 0 , 0 , 0 , 0 , 0 , 1 , 1 , 0 , 1 , 4.50 , 3.94 , 0.50 , 92.3 , 105.7 , 0.03 , 0.00 
162,심창민,23N, 0.02 , 5 , 0 , 0 , 0 , 0 , 1 , 0 , 0 , 3.1 , 2 , 1 , 18 , 2 , 0 , 0 , 0 , 5 , 0 , 1 , 5 , 0 , 0 , 2.70 , 5.84 , 2.10 , 154.2 , 71.8 , 0.02 , 0.05 
163,이우석,23N, 0.02 , 1 , 0 , 0 , 0 , 0 , 0 , 0 , 0 , 0.2 , 0 , 0 , 2 , 0 , 0 , 0 , 0 , 1 , 0 , 0 , 0 , 0 , 0 , 0.00 , 7.94 , 1.50 ,  , 52.7 , 0.02 , 0.00 
164,조현우,23K, 0.02 , 5 , 0 , 0 , 0 , 0 , 0 , 0 , 0 , 3.0 , 2 , 2 , 17 , 6 , 1 , 0 , 0 , 2 , 0 , 0 , 1 , 0 , 1 , 6.00 , 4.78 , 2.67 , 70.4 , 87.2 , 0.02 , 0.01 
165,박세진,23K, 0.02 , 16 , 0 , 0 , 0 , 0 , 1 , 0 , 1 , 11.2 , 8 , 5 , 66 , 15 , 2 , 0 , 1 , 14 , 0 , 0 , 10 , 0 , 2 , 3.86 , 6.44 , 2.49 , 109.5 , 64.7 , 0.02 , -0.20 
166,오석주,23L, 0.01 , 9 , 0 , 0 , 0 , 0 , 0 , 0 , 0 , 10.0 , 7 , 7 , 44 , 12 , 2 , 0 , 2 , 3 , 0 , 0 , 11 , 0 , 2 , 6.30 , 4.74 , 1.50 , 64.8 , 84.1 , 0.01 , -0.08 
167,김민규,23두, 0.00 , 6 , 0 , 0 , 1 , 0 , 0 , 0 , 0 , 8.1 , 5 , 4 , 37 , 6 , 2 , 1 , 0 , 4 , 0 , 2 , 5 , 0 , 2 , 4.32 , 4.40 , 1.20 , 94.3 , 94.1 , 0.00 , -0.12 
168,손주영,23L, 0.00 , 3 , 0 , 0 , 2 , 1 , 0 , 0 , 0 , 8.2 , 7 , 5 , 46 , 12 , 0 , 0 , 0 , 6 , 0 , 0 , 5 , 1 , 0 , 5.19 , 4.37 , 2.08 , 78.6 , 95.0 , 0.00 , -0.00 
169,김주한,23S, 0.00 , 1 , 0 , 0 , 0 , 0 , 0 , 0 , 0 , 0.0 , 3 , 3 , 3 , 2 , 0 , 0 , 1 , 1 , 0 , 0 , 0 , 0 , 0 ,  ,  ,  ,  ,  , 0.00 , -0.01 
170,고봉재,23두, -0.00 , 10 , 0 , 0 , 0 , 0 , 0 , 0 , 0 , 11.1 , 8 , 8 , 53 , 12 , 2 , 1 , 0 , 7 , 0 , 1 , 7 , 0 , 0 , 6.35 , 4.33 , 1.68 , 64.1 , 95.9 , -0.00 , -0.21 
171,김영현,23K, -0.01 , 31 , 0 , 0 , 0 , 0 , 0 , 1 , 1 , 33.0 , 22 , 20 , 150 , 30 , 7 , 0 , 4 , 20 , 1 , 1 , 35 , 0 , 2 , 5.45 , 4.72 , 1.52 , 77.4 , 88.6 , -0.01 , -0.36 
172,홍성민,23키, -0.01 , 2 , 0 , 0 , 0 , 0 , 0 , 0 , 0 , 2.0 , 2 , 2 , 12 , 5 , 0 , 1 , 1 , 1 , 0 , 0 , 1 , 0 , 1 , 9.00 , 10.44 , 3.00 , 45.6 , 38.1 , -0.01 , -0.01 
173,한두솔,23S, -0.01 , 1 , 0 , 0 , 0 , 0 , 0 , 0 , 0 , 1.0 , 1 , 1 , 6 , 1 , 0 , 1 , 0 , 1 , 0 , 1 , 2 , 0 , 0 , 9.00 , 5.44 , 2.00 , 46.5 , 77.7 , -0.01 , -0.01 
174,박권후,23삼, -0.01 , 4 , 0 , 0 , 0 , 0 , 0 , 0 , 0 , 2.2 , 2 , 1 , 13 , 4 , 0 , 0 , 1 , 1 , 0 , 0 , 0 , 1 , 0 , 3.38 , 9.44 , 1.88 , 125.5 , 45.1 , -0.01 , -0.02 
175,성동현,23L, -0.01 , 1 , 0 , 0 , 0 , 0 , 0 , 0 , 0 , 1.0 , 1 , 1 , 6 , 2 , 0 , 0 , 0 , 1 , 0 , 0 , 1 , 0 , 0 , 9.00 , 4.44 , 3.00 , 45.4 , 93.3 , -0.01 , -0.00 
176,오원석,23S, -0.02 , 28 , 1 , 0 , 27 , 8 , 10 , 0 , 0 , 144.2 , 92 , 84 , 648 , 158 , 22 , 2 , 11 , 69 , 0 , 9 , 88 , 0 , 11 , 5.23 , 4.83 , 1.57 , 80.1 , 87.3 , -0.02 , -1.20 
177,이기순,23S, -0.02 , 2 , 0 , 0 , 0 , 0 , 0 , 0 , 0 , 3.0 , 3 , 3 , 16 , 3 , 0 , 0 , 1 , 4 , 0 , 0 , 3 , 0 , 0 , 9.00 , 9.78 , 2.33 , 46.5 , 43.9 , -0.02 , -0.01 
178,채지선,23LN, -0.02 , 3 , 0 , 0 , 0 , 0 , 0 , 0 , 0 , 3.1 , 3 , 3 , 17 , 4 , 1 , 1 , 0 , 4 , 0 , 0 , 2 , 0 , 1 , 8.10 , 5.84 , 2.40 , 51.2 , 71.6 , -0.02 , -0.01 
179,이로운,23S, -0.04 , 50 , 0 , 0 , 0 , 6 , 1 , 0 , 5 , 57.2 , 39 , 36 , 268 , 67 , 13 , 1 , 7 , 29 , 2 , 1 , 52 , 0 , 3 , 5.62 , 4.67 , 1.67 , 74.5 , 91.1 , -0.04 , -0.04 
180,김준형,23키, -0.04 , 8 , 0 , 0 , 0 , 0 , 0 , 0 , 0 , 7.2 , 6 , 6 , 36 , 4 , 3 , 0 , 0 , 6 , 0 , 3 , 5 , 0 , 0 , 7.04 , 5.66 , 1.30 , 58.3 , 73.1 , -0.04 , -0.03 
181,양지율,23키, -0.04 , 1 , 0 , 0 , 0 , 0 , 0 , 0 , 0 , 0.2 , 1 , 1 , 6 , 1 , 0 , 0 , 0 , 3 , 0 , 0 , 2 , 0 , 0 , 13.50 , 10.94 , 6.00 , 30.4 , 37.3 , -0.04 , -0.04 
182,장재영,23키, -0.04 , 23 , 0 , 0 , 17 , 1 , 5 , 0 , 0 , 71.2 , 46 , 44 , 339 , 63 , 15 , 0 , 4 , 66 , 0 , 8 , 67 , 2 , 8 , 5.53 , 5.40 , 1.80 , 74.3 , 75.6 , -0.04 , -0.78 
183,김영준,23L, -0.05 , 1 , 0 , 0 , 0 , 1 , 0 , 0 , 0 , 0.1 , 1 , 1 , 3 , 1 , 0 , 0 , 0 , 1 , 0 , 0 , 0 , 0 , 0 , 27.00 , 12.44 , 6.00 , 15.1 , 33.2 , -0.05 , -0.03 
184,임지민,23N, -0.05 , 2 , 0 , 0 , 0 , 0 , 0 , 0 , 0 , 1.1 , 2 , 2 , 10 , 2 , 0 , 0 , 0 , 4 , 0 , 0 , 3 , 0 , 2 , 13.50 , 7.94 , 4.50 , 30.8 , 53.3 , -0.05 , 0.00 
185,정성종,23롯, -0.05 , 12 , 0 , 0 , 3 , 0 , 1 , 0 , 1 , 22.0 , 14 , 13 , 98 , 21 , 5 , 0 , 1 , 15 , 1 , 1 , 10 , 0 , 1 , 5.32 , 5.17 , 1.64 , 78.2 , 79.7 , -0.05 , -0.17 
186,송윤준,23한, -0.05 , 4 , 0 , 0 , 0 , 0 , 0 , 0 , 0 , 4.1 , 4 , 4 , 19 , 4 , 2 , 0 , 0 , 2 , 0 , 0 , 3 , 1 , 0 , 8.31 , 3.44 , 1.39 , 50.0 , 120.3 , -0.05 , -0.04 
187,스미스,23한, -0.05 , 1 , 0 , 0 , 1 , 0 , 0 , 0 , 0 , 2.2 , 2 , 2 , 12 , 3 , 0 , 0 , 0 , 0 , 0 , 1 , 2 , 0 , 0 , 6.75 , 3.07 , 1.13 , 61.5 , 135.6 , -0.05 , 0.11 
188,배재준,23L, -0.06 , 1 , 0 , 0 , 0 , 0 , 0 , 0 , 0 , 1.0 , 2 , 2 , 6 , 2 , 0 , 1 , 0 , 1 , 0 , 0 , 0 , 0 , 1 , 18.00 , 6.44 , 3.00 , 22.7 , 64.2 , -0.06 , -0.00 
189,서상준,23S, -0.06 , 2 , 0 , 0 , 0 , 0 , 0 , 0 , 0 , 2.0 , 3 , 0 , 13 , 1 , 0 , 0 , 0 , 5 , 0 , 0 , 3 , 0 , 1 , 0.00 , 7.94 , 3.00 ,  , 52.3 , -0.06 , -0.01 
190,윤석원,23키, -0.06 , 21 , 0 , 0 , 0 , 2 , 0 , 0 , 2 , 24.0 , 17 , 12 , 110 , 29 , 5 , 0 , 2 , 8 , 1 , 0 , 8 , 0 , 1 , 4.50 , 4.73 , 1.54 , 91.3 , 86.2 , -0.06 , -0.03 
191,우강훈,23롯, -0.07 , 3 , 0 , 0 , 1 , 0 , 0 , 0 , 0 , 6.0 , 5 , 4 , 29 , 6 , 1 , 0 , 0 , 4 , 0 , 1 , 5 , 0 , 0 , 6.00 , 4.28 , 1.67 , 69.3 , 97.6 , -0.07 , -0.26 
192,신헌민,23S, -0.07 , 11 , 0 , 0 , 0 , 0 , 0 , 0 , 0 , 12.0 , 10 , 8 , 62 , 19 , 6 , 0 , 1 , 6 , 1 , 0 , 8 , 0 , 0 , 6.00 , 4.44 , 2.08 , 69.8 , 95.2 , -0.07 , 0.09 
193,김건국,23K, -0.07 , 6 , 0 , 0 , 5 , 0 , 1 , 0 , 0 , 16.0 , 12 , 12 , 70 , 18 , 6 , 1 , 0 , 4 , 0 , 1 , 9 , 0 , 0 , 6.75 , 3.26 , 1.38 , 61.2 , 127.4 , -0.07 , -0.24 
194,김민수,23K, -0.07 , 14 , 0 , 0 , 0 , 0 , 1 , 0 , 3 , 13.0 , 10 , 10 , 58 , 17 , 5 , 2 , 1 , 5 , 0 , 0 , 4 , 0 , 0 , 6.92 , 4.98 , 1.69 , 61.0 , 83.3 , -0.07 , -0.23 
195,슐서,23K, -0.08 , 9 , 0 , 0 , 9 , 1 , 7 , 0 , 0 , 49.2 , 32 , 31 , 221 , 66 , 9 , 1 , 6 , 14 , 1 , 0 , 35 , 0 , 2 , 5.62 , 4.39 , 1.61 , 75.2 , 94.8 , -0.08 , -0.89 
196,장세진,23롯, -0.08 , 2 , 0 , 0 , 0 , 0 , 0 , 0 , 0 , 1.1 , 2 , 2 , 8 , 2 , 0 , 0 , 1 , 2 , 0 , 0 , 1 , 0 , 0 , 13.50 , 16.19 , 3.00 , 30.8 , 24.6 , -0.08 , -0.02 
197,최충연,23삼, -0.08 , 7 , 0 , 0 , 0 , 0 , 0 , 0 , 0 , 9.1 , 8 , 5 , 47 , 10 , 1 , 0 , 3 , 7 , 0 , 3 , 8 , 1 , 0 , 4.82 , 9.12 , 1.82 , 87.8 , 46.4 , -0.08 , -0.03 
198,박진,23롯, -0.08 , 4 , 0 , 0 , 0 , 0 , 0 , 0 , 0 , 5.0 , 5 , 5 , 29 , 7 , 2 , 0 , 1 , 7 , 0 , 0 , 2 , 1 , 1 , 9.00 , 9.44 , 2.80 , 46.2 , 43.2 , -0.08 , -0.07 
199,조성훈,23S, -0.09 , 2 , 0 , 0 , 2 , 0 , 1 , 0 , 0 , 7.0 , 5 , 5 , 34 , 10 , 1 , 0 , 0 , 4 , 0 , 2 , 4 , 0 , 0 , 6.43 , 4.87 , 2.00 , 65.1 , 85.7 , -0.09 , -0.10 
200,김태오,23K, -0.09 , 5 , 0 , 0 , 0 , 0 , 0 , 0 , 0 , 7.1 , 6 , 6 , 35 , 10 , 3 , 0 , 0 , 4 , 1 , 0 , 3 , 0 , 0 , 7.36 , 3.85 , 1.91 , 57.3 , 108.5 , -0.09 , 0.11 
201,박명근,23L, -0.09 , 57 , 0 , 0 , 1 , 4 , 3 , 5 , 9 , 51.1 , 31 , 29 , 236 , 49 , 9 , 1 , 4 , 28 , 2 , 6 , 40 , 0 , 1 , 5.08 , 4.77 , 1.50 , 80.3 , 85.6 , -0.09 , -0.58 
202,김정우,23두, -0.09 , 7 , 0 , 0 , 0 , 0 , 0 , 0 , 0 , 6.2 , 7 , 7 , 38 , 11 , 2 , 0 , 1 , 7 , 0 , 0 , 6 , 0 , 0 , 9.45 , 6.74 , 2.70 , 43.1 , 59.5 , -0.09 , -0.06 
203,김호준,23두, -0.09 , 3 , 0 , 0 , 0 , 0 , 0 , 0 , 0 , 3.0 , 4 , 4 , 16 , 3 , 0 , 0 , 1 , 4 , 0 , 0 , 2 , 0 , 1 , 12.00 , 10.44 , 2.33 , 33.9 , 37.8 , -0.09 , 0.00 
204,김서준,23삼, -0.09 , 8 , 0 , 0 , 1 , 0 , 1 , 0 , 1 , 7.2 , 6 , 6 , 39 , 9 , 2 , 0 , 0 , 6 , 0 , 2 , 2 , 0 , 3 , 7.04 , 6.05 , 1.96 , 60.1 , 68.2 , -0.09 , -0.41 
205,진승현,23롯, -0.09 , 24 , 0 , 0 , 0 , 2 , 2 , 0 , 1 , 27.2 , 20 , 18 , 129 , 34 , 3 , 0 , 2 , 16 , 3 , 0 , 25 , 0 , 1 , 5.86 , 3.98 , 1.81 , 71.1 , 102.4 , -0.09 , -0.14 
206,오상원,23키, -0.10 , 11 , 0 , 0 , 1 , 0 , 0 , 0 , 0 , 15.0 , 11 , 11 , 74 , 18 , 5 , 1 , 0 , 9 , 0 , 3 , 7 , 0 , 0 , 6.60 , 4.91 , 1.80 , 62.2 , 84.2 , -0.10 , -0.32 
207,윤산흠,23한, -0.10 , 5 , 0 , 0 , 0 , 0 , 0 , 0 , 0 , 3.0 , 2 , 2 , 18 , 3 , 1 , 0 , 0 , 6 , 0 , 0 , 3 , 0 , 0 , 6.00 , 7.44 , 3.00 , 69.2 , 55.8 , -0.10 , -0.46 
208,류희운,23한, -0.10 , 3 , 0 , 0 , 0 , 0 , 0 , 0 , 0 , 4.0 , 5 , 5 , 20 , 6 , 1 , 0 , 1 , 2 , 0 , 0 , 4 , 0 , 0 , 11.25 , 6.19 , 2.00 , 36.9 , 67.1 , -0.10 , -0.01 
209,제환유,23두, -0.11 , 1 , 0 , 0 , 0 , 0 , 0 , 0 , 0 , 2.0 , 4 , 3 , 14 , 3 , 0 , 0 , 0 , 4 , 0 , 0 , 2 , 0 , 1 , 13.50 , 7.44 , 3.50 , 30.2 , 55.7 , -0.11 , -0.01 
210,와이드너,23N삼, -0.11 , 21 , 0 , 0 , 20 , 7 , 5 , 0 , 0 , 115.0 , 65 , 58 , 495 , 112 , 22 , 0 , 7 , 40 , 1 , 6 , 99 , 0 , 3 , 4.54 , 3.69 , 1.32 ,  ,  , -0.11 , -0.19 
211,이채호,23K, -0.11 , 25 , 0 , 0 , 0 , 0 , 1 , 0 , 1 , 24.2 , 19 , 19 , 110 , 26 , 6 , 0 , 6 , 9 , 0 , 3 , 8 , 0 , 1 , 6.93 , 7.42 , 1.42 , 60.9 , 55.8 , -0.11 , -0.57 
212,장민재,23한, -0.11 , 25 , 0 , 0 , 13 , 3 , 8 , 0 , 1 , 69.0 , 46 , 37 , 308 , 79 , 13 , 2 , 12 , 22 , 2 , 5 , 61 , 0 , 5 , 4.83 , 5.02 , 1.46 , 86.0 , 82.7 , -0.11 , -0.54 
213,나원탁,23롯, -0.11 , 1 , 0 , 0 , 0 , 0 , 0 , 0 , 0 , 0.2 , 3 , 3 , 6 , 3 , 0 , 0 , 1 , 1 , 0 , 0 , 1 , 0 , 0 , 40.50 , 24.44 , 6.00 , 10.3 , 16.1 , -0.11 , -0.00 
214,박세웅,23삼, -0.12 , 2 , 0 , 0 , 0 , 0 , 0 , 0 , 0 , 0.2 , 2 , 2 , 6 , 1 , 0 , 0 , 1 , 3 , 0 , 0 , 1 , 0 , 0 , 27.00 , 33.44 , 6.00 , 15.7 , 12.8 , -0.12 , -0.30 
215,김주온,23S, -0.12 , 1 , 0 , 0 , 0 , 0 , 0 , 0 , 0 , 0.1 , 3 , 3 , 5 , 2 , 0 , 0 , 0 , 1 , 0 , 1 , 1 , 0 , 1 , 81.00 , 15.44 , 9.00 , 5.2 , 27.4 , -0.12 , -0.00 
216,김시현,23삼, -0.12 , 2 , 0 , 0 , 0 , 0 , 0 , 0 , 0 , 3.0 , 5 , 4 , 17 , 6 , 1 , 0 , 2 , 2 , 0 , 0 , 2 , 0 , 0 , 12.00 , 12.78 , 2.67 , 35.3 , 33.6 , -0.12 , -0.01 
217,이준호,23N, -0.13 , 17 , 0 , 0 , 2 , 3 , 2 , 0 , 0 , 31.2 , 22 , 17 , 144 , 32 , 4 , 1 , 3 , 15 , 0 , 4 , 19 , 0 , 2 , 4.83 , 5.27 , 1.48 , 86.2 , 79.7 , -0.13 , 0.03 
218,장지수,23한, -0.14 , 1 , 0 , 0 , 0 , 0 , 0 , 0 , 0 , 2.0 , 5 , 4 , 11 , 4 , 0 , 0 , 0 , 2 , 0 , 0 , 0 , 0 , 1 , 18.00 , 6.44 , 3.00 , 23.1 , 64.5 , -0.14 , -0.01 
219,이승진,23두, -0.15 , 1 , 0 , 0 , 0 , 0 , 0 , 0 , 0 , 0.2 , 4 , 0 , 6 , 1 , 0 , 0 , 0 , 1 , 0 , 1 , 1 , 0 , 0 , 0.00 , 9.44 , 3.00 ,  , 43.8 , -0.15 , -0.00 
220,김유성,23두, -0.15 , 7 , 0 , 0 , 0 , 0 , 0 , 0 , 0 , 6.1 , 7 , 7 , 38 , 6 , 0 , 0 , 2 , 12 , 0 , 0 , 6 , 0 , 3 , 9.95 , 11.34 , 2.84 , 40.9 , 35.1 , -0.15 , -0.24 
221,최이준,23롯, -0.15 , 28 , 0 , 0 , 0 , 1 , 0 , 0 , 1 , 29.0 , 22 , 22 , 143 , 37 , 11 , 3 , 1 , 21 , 1 , 0 , 20 , 0 , 4 , 6.83 , 4.58 , 2.00 , 60.9 , 90.2 , -0.15 , 0.23 
222,장원준,23두, -0.16 , 11 , 0 , 0 , 10 , 3 , 5 , 0 , 0 , 41.0 , 27 , 24 , 183 , 53 , 8 , 2 , 4 , 11 , 0 , 2 , 24 , 0 , 2 , 5.27 , 4.49 , 1.56 , 77.3 , 89.4 , -0.16 , -0.64 
223,조이현,23K, -0.17 , 18 , 0 , 0 , 4 , 2 , 1 , 0 , 1 , 35.0 , 27 , 26 , 170 , 61 , 14 , 1 , 3 , 6 , 0 , 2 , 17 , 1 , 1 , 6.69 , 4.27 , 1.91 , 63.2 , 97.3 , -0.17 , -0.38 
224,윤명준,23롯, -0.17 , 21 , 0 , 0 , 0 , 0 , 1 , 0 , 5 , 19.1 , 14 , 14 , 98 , 31 , 3 , 1 , 4 , 10 , 2 , 4 , 11 , 0 , 5 , 6.52 , 6.86 , 2.12 , 63.8 , 58.9 , -0.17 , -1.07 
225,김기훈,23K, -0.18 , 29 , 0 , 0 , 0 , 2 , 0 , 0 , 0 , 31.1 , 22 , 16 , 156 , 28 , 6 , 1 , 0 , 37 , 1 , 2 , 26 , 1 , 5 , 4.60 , 5.42 , 2.07 , 89.9 , 76.7 , -0.18 , -0.99 
226,배민서,23N, -0.18 , 6 , 0 , 0 , 0 , 0 , 0 , 0 , 0 , 6.2 , 8 , 5 , 34 , 10 , 5 , 2 , 0 , 2 , 0 , 1 , 4 , 0 , 1 , 6.75 , 3.59 , 1.80 , 61.7 , 115.9 , -0.18 , -0.13 
227,김건희,23키, -0.18 , 3 , 0 , 0 , 0 , 0 , 0 , 0 , 0 , 2.0 , 5 , 5 , 14 , 6 , 0 , 0 , 2 , 2 , 0 , 0 , 0 , 0 , 0 , 22.50 , 19.44 , 4.00 , 18.3 , 20.4 , -0.18 , 0.00 
228,이충호,23한, -0.18 , 11 , 0 , 0 , 0 , 0 , 0 , 0 , 0 , 8.2 , 9 , 9 , 41 , 12 , 0 , 0 , 2 , 5 , 0 , 1 , 7 , 0 , 0 , 9.35 , 6.90 , 1.96 , 44.4 , 60.2 , -0.18 , -0.24 
229,곽도규,23K, -0.19 , 14 , 0 , 0 , 0 , 0 , 0 , 0 , 0 , 11.2 , 11 , 11 , 61 , 14 , 2 , 0 , 0 , 10 , 0 , 2 , 14 , 0 , 1 , 8.49 , 4.13 , 2.06 , 48.7 , 100.7 , -0.19 , -0.07 
230,김대현,23L, -0.19 , 5 , 0 , 0 , 0 , 0 , 0 , 0 , 0 , 3.1 , 5 , 4 , 22 , 8 , 2 , 0 , 1 , 2 , 0 , 1 , 3 , 0 , 1 , 10.80 , 8.24 , 3.00 , 37.8 , 48.5 , -0.19 , -0.40 
231,이영하,23두, -0.20 , 36 , 0 , 0 , 0 , 5 , 3 , 0 , 4 , 39.1 , 27 , 24 , 184 , 40 , 9 , 1 , 2 , 21 , 1 , 4 , 28 , 0 , 2 , 5.49 , 4.51 , 1.55 , 74.2 , 90.5 , -0.20 , -1.15 
232,노건우,23삼, -0.20 , 16 , 0 , 0 , 0 , 0 , 1 , 0 , 1 , 12.1 , 11 , 10 , 65 , 22 , 3 , 0 , 3 , 5 , 0 , 1 , 12 , 0 , 1 , 7.30 , 6.12 , 2.19 , 58.0 , 69.4 , -0.20 , -0.53 
233,이민호,23L, -0.20 , 5 , 0 , 0 , 5 , 0 , 2 , 0 , 0 , 19.2 , 13 , 11 , 91 , 22 , 4 , 0 , 1 , 10 , 0 , 0 , 7 , 0 , 0 , 5.03 , 4.92 , 1.63 , 81.1 , 83.4 , -0.20 , -0.43 
234,한현희,23롯, -0.21 , 38 , 0 , 0 , 18 , 6 , 12 , 0 , 3 , 104.0 , 69 , 63 , 476 , 123 , 20 , 4 , 11 , 44 , 1 , 11 , 74 , 0 , 6 , 5.45 , 4.95 , 1.61 , 76.3 , 82.5 , -0.21 , -1.78 
235,이원재,23두, -0.21 , 1 , 0 , 0 , 1 , 0 , 0 , 0 , 0 , 1.0 , 3 , 3 , 9 , 3 , 1 , 0 , 0 , 3 , 0 , 0 , 0 , 0 , 0 , 27.00 , 12.44 , 6.00 , 15.1 , 33.3 , -0.21 , -0.31 
236,최성훈,23L, -0.22 , 5 , 0 , 0 , 0 , 0 , 0 , 1 , 0 , 3.0 , 5 , 5 , 17 , 7 , 2 , 0 , 0 , 1 , 0 , 0 , 2 , 0 , 0 , 15.00 , 3.11 , 2.67 , 27.2 , 133.6 , -0.22 , 0.05 
237,양현,23키, -0.22 , 54 , 0 , 0 , 0 , 0 , 4 , 0 , 8 , 57.0 , 38 , 32 , 262 , 83 , 9 , 2 , 5 , 21 , 1 , 0 , 16 , 1 , 0 , 5.05 , 5.07 , 1.83 , 81.3 , 80.4 , -0.22 , -1.25 
238,정구범,23N, -0.23 , 4 , 0 , 0 , 2 , 0 , 1 , 0 , 0 , 12.2 , 11 , 11 , 64 , 16 , 3 , 0 , 3 , 12 , 0 , 0 , 6 , 0 , 0 , 7.82 , 8.42 , 2.21 , 53.3 , 50.2 , -0.23 , -0.26 
239,임준섭,23S, -0.24 , 41 , 0 , 0 , 0 , 0 , 2 , 0 , 3 , 32.2 , 25 , 21 , 155 , 44 , 6 , 0 , 1 , 19 , 1 , 1 , 26 , 0 , 2 , 5.79 , 3.99 , 1.93 , 72.3 , 104.9 , -0.24 , -0.04 
240,박윤철,23한, -0.25 , 3 , 0 , 0 , 0 , 0 , 0 , 0 , 0 , 3.1 , 8 , 8 , 20 , 5 , 2 , 0 , 2 , 5 , 0 , 0 , 1 , 0 , 1 , 21.60 , 15.14 , 3.00 , 19.2 , 27.5 , -0.25 , -0.00 
241,이형범,23두, -0.25 , 23 , 0 , 0 , 0 , 1 , 0 , 0 , 1 , 27.2 , 23 , 20 , 134 , 40 , 10 , 0 , 2 , 12 , 0 , 3 , 13 , 0 , 2 , 6.51 , 5.07 , 1.88 , 62.6 , 80.0 , -0.25 , -0.32 
242,허윤동,23삼, -0.25 , 7 , 0 , 0 , 1 , 0 , 1 , 0 , 0 , 10.2 , 12 , 12 , 60 , 16 , 7 , 0 , 0 , 12 , 0 , 0 , 8 , 0 , 0 , 10.13 , 5.32 , 2.63 , 41.8 , 77.5 , -0.25 , -0.44 
243,김재영,23한, -0.26 , 6 , 0 , 0 , 0 , 0 , 0 , 0 , 0 , 8.0 , 9 , 9 , 40 , 13 , 2 , 1 , 2 , 2 , 0 , 2 , 5 , 0 , 0 , 10.13 , 6.94 , 1.88 , 41.0 , 60.0 , -0.26 , -0.31 
244,송영진,23S, -0.26 , 17 , 0 , 0 , 9 , 3 , 3 , 0 , 0 , 47.1 , 35 , 30 , 220 , 46 , 9 , 1 , 3 , 31 , 0 , 2 , 38 , 2 , 8 , 5.70 , 4.75 , 1.63 , 73.4 , 88.6 , -0.26 , -1.06 
245,박준영,23한, -0.30 , 4 , 0 , 0 , 0 , 0 , 0 , 0 , 0 , 4.1 , 9 , 9 , 23 , 2 , 0 , 0 , 0 , 8 , 0 , 0 , 7 , 0 , 1 , 18.69 , 5.75 , 2.31 , 22.2 , 72.1 , -0.30 , -0.05 
246,장필준,23삼, -0.30 , 17 , 0 , 0 , 3 , 1 , 1 , 0 , 1 , 19.1 , 17 , 17 , 96 , 28 , 5 , 3 , 2 , 12 , 0 , 2 , 11 , 0 , 0 , 7.91 , 5.82 , 2.07 , 53.5 , 71.8 , -0.30 , -0.34 
247,김진욱,23롯, -0.31 , 50 , 0 , 0 , 0 , 2 , 1 , 0 , 8 , 36.1 , 27 , 26 , 177 , 37 , 6 , 1 , 4 , 29 , 0 , 2 , 35 , 0 , 3 , 6.44 , 5.51 , 1.82 , 64.6 , 74.4 , -0.31 , -0.76 
248,이지강,23L, -0.32 , 22 , 0 , 0 , 12 , 2 , 5 , 0 , 2 , 68.0 , 45 , 30 , 299 , 60 , 9 , 0 , 4 , 28 , 0 , 9 , 38 , 0 , 3 , 3.97 , 4.72 , 1.29 , 102.8 , 86.7 , -0.32 , -0.56 
249,정성곤,23S, -0.32 , 6 , 0 , 0 , 0 , 0 , 0 , 0 , 0 , 4.1 , 9 , 5 , 29 , 8 , 3 , 0 , 2 , 7 , 0 , 0 , 3 , 0 , 0 , 10.38 , 12.90 , 3.46 , 40.3 , 33.3 , -0.32 , -0.10 
250,딜런,23두, -0.32 , 2 , 0 , 0 , 2 , 0 , 1 , 0 , 0 , 9.0 , 9 , 8 , 45 , 10 , 1 , 0 , 2 , 5 , 0 , 0 , 2 , 0 , 1 , 8.00 , 7.55 , 1.67 , 50.9 , 52.5 , -0.32 , -0.34 
251,한승혁,23한, -0.33 , 21 , 0 , 0 , 7 , 0 , 3 , 0 , 1 , 36.1 , 27 , 26 , 176 , 48 , 9 , 0 , 3 , 21 , 0 , 3 , 28 , 0 , 4 , 6.44 , 4.96 , 1.90 , 64.5 , 83.8 , -0.33 , -1.69 
252,이종민,23키, -0.36 , 11 , 0 , 0 , 2 , 0 , 1 , 0 , 0 , 13.2 , 13 , 11 , 72 , 22 , 7 , 0 , 0 , 6 , 0 , 1 , 10 , 0 , 0 , 7.24 , 3.52 , 2.05 , 56.7 , 117.1 , -0.36 , -0.71 
253,강재민,23한, -0.36 , 43 , 0 , 0 , 0 , 1 , 3 , 0 , 12 , 43.1 , 31 , 31 , 189 , 35 , 10 , 1 , 5 , 19 , 0 , 8 , 42 , 0 , 0 , 6.44 , 4.87 , 1.25 , 64.5 , 85.2 , -0.36 , -1.03 
254,황동하,23K, -0.42 , 13 , 0 , 0 , 6 , 0 , 3 , 0 , 0 , 31.1 , 25 , 23 , 149 , 35 , 6 , 3 , 5 , 21 , 0 , 1 , 19 , 0 , 1 , 6.61 , 6.41 , 1.79 , 62.5 , 64.0 , -0.42 , -0.97 
255,이영준,23키, -0.42 , 2 , 0 , 0 , 0 , 0 , 1 , 0 , 0 , 1.2 , 4 , 4 , 10 , 4 , 0 , 0 , 0 , 1 , 0 , 0 , 0 , 0 , 1 , 21.60 , 5.24 , 3.00 , 19.0 , 79.0 , -0.42 , -0.46 
256,문경찬,23롯, -0.45 , 2 , 0 , 0 , 0 , 0 , 1 , 0 , 0 , 2.0 , 6 , 6 , 12 , 6 , 0 , 0 , 3 , 0 , 0 , 0 , 2 , 0 , 0 , 27.00 , 20.94 , 3.00 , 15.4 , 18.7 , -0.45 , -0.80 
257,강효종,23L, -0.45 , 7 , 0 , 0 , 7 , 1 , 2 , 0 , 0 , 21.2 , 18 , 15 , 103 , 25 , 3 , 0 , 1 , 12 , 0 , 2 , 14 , 1 , 0 , 6.23 , 4.69 , 1.71 , 65.5 , 87.5 , -0.45 , -0.60 
258,김서현,23한, -0.45 , 20 , 0 , 0 , 1 , 0 , 0 , 1 , 0 , 22.1 , 20 , 18 , 114 , 22 , 4 , 2 , 1 , 23 , 1 , 7 , 26 , 1 , 3 , 7.25 , 5.59 , 2.02 , 57.2 , 74.3 , -0.45 , -0.08 
259,하영민,23키, -0.45 , 57 , 0 , 0 , 0 , 3 , 1 , 0 , 5 , 52.1 , 36 , 27 , 247 , 67 , 8 , 4 , 4 , 25 , 3 , 1 , 51 , 0 , 6 , 4.64 , 3.81 , 1.76 , 88.4 , 106.4 , -0.45 , -0.94 
260,이태연,23롯, -0.48 , 15 , 0 , 0 , 0 , 0 , 0 , 0 , 1 , 5.2 , 10 , 10 , 37 , 12 , 3 , 0 , 1 , 9 , 0 , 0 , 4 , 0 , 0 , 15.88 , 9.09 , 3.71 , 26.2 , 45.0 , -0.48 , -0.34 
261,최영환,23롯, -0.51 , 8 , 0 , 0 , 0 , 0 , 1 , 0 , 0 , 10.0 , 14 , 11 , 54 , 15 , 8 , 0 , 0 , 7 , 0 , 1 , 7 , 0 , 0 , 9.90 , 4.44 , 2.20 , 42.0 , 93.9 , -0.51 , -0.38 
262,남지민,23한, -0.51 , 16 , 0 , 0 , 7 , 1 , 7 , 0 , 0 , 37.2 , 31 , 27 , 186 , 54 , 12 , 0 , 0 , 13 , 1 , 6 , 23 , 0 , 3 , 6.45 , 3.66 , 1.78 , 64.4 , 113.6 , -0.51 , -1.29 
263,소형준,23K, -0.53 , 3 , 0 , 0 , 3 , 0 , 0 , 0 , 0 , 11.0 , 14 , 14 , 59 , 22 , 4 , 0 , 1 , 3 , 0 , 3 , 4 , 0 , 2 , 11.45 , 5.53 , 2.27 , 36.9 , 75.0 , -0.53 , -0.52 
264,주승우,23키, -0.53 , 11 , 0 , 0 , 2 , 0 , 2 , 0 , 0 , 16.0 , 18 , 17 , 90 , 20 , 7 , 0 , 1 , 21 , 0 , 2 , 8 , 0 , 3 , 9.56 , 7.57 , 2.56 , 42.9 , 54.2 , -0.53 , -0.43 
265,김동규,23L키, -0.54 , 4 , 0 , 0 , 1 , 0 , 1 , 0 , 0 , 4.1 , 12 , 11 , 31 , 6 , 0 , 0 , 1 , 12 , 0 , 2 , 1 , 0 , 4 , 22.85 , 15.67 , 4.15 , 17.9 , 26.0 , -0.54 , -0.44 
266,이상민,23삼, -0.54 , 23 , 0 , 0 , 0 , 2 , 1 , 0 , 1 , 18.0 , 17 , 17 , 83 , 32 , 3 , 1 , 2 , 3 , 0 , 0 , 17 , 0 , 0 , 8.50 , 3.50 , 1.94 , 49.8 , 120.6 , -0.54 , -0.63 
267,박종훈,23S, -0.55 , 18 , 0 , 0 , 16 , 2 , 6 , 0 , 0 , 80.0 , 57 , 55 , 382 , 77 , 13 , 1 , 8 , 60 , 0 , 19 , 56 , 0 , 2 , 6.19 , 6.31 , 1.71 , 67.6 , 67.0 , -0.55 , -1.45 
268,산체스,23K, -0.56 , 12 , 1 , 0 , 11 , 4 , 4 , 0 , 0 , 63.2 , 46 , 42 , 285 , 79 , 19 , 1 , 7 , 15 , 1 , 4 , 59 , 1 , 1 , 5.94 , 3.87 , 1.48 , 69.6 , 105.5 , -0.56 , -0.93 
269,황동재,23삼, -0.58 , 7 , 0 , 0 , 7 , 0 , 5 , 0 , 0 , 31.2 , 27 , 25 , 155 , 40 , 14 , 1 , 6 , 21 , 0 , 2 , 27 , 0 , 0 , 7.11 , 6.38 , 1.93 , 59.6 , 66.0 , -0.58 , -0.83 
270,메디나,23K, -0.62 , 12 , 0 , 0 , 12 , 2 , 6 , 0 , 0 , 58.0 , 42 , 39 , 269 , 64 , 16 , 1 , 6 , 29 , 0 , 9 , 36 , 1 , 5 , 6.05 , 5.51 , 1.60 , 68.3 , 74.6 , -0.62 , -1.67 
271,김민,23K, -0.64 , 16 , 0 , 0 , 4 , 1 , 2 , 0 , 0 , 29.0 , 26 , 22 , 145 , 40 , 6 , 0 , 3 , 16 , 0 , 4 , 22 , 0 , 4 , 6.83 , 5.34 , 1.93 , 61.8 , 78.0 , -0.64 , -1.13 
272,원종현,23키, -0.64 , 20 , 0 , 0 , 0 , 1 , 1 , 0 , 6 , 18.2 , 16 , 12 , 87 , 24 , 8 , 1 , 3 , 5 , 1 , 1 , 17 , 0 , 2 , 5.79 , 4.51 , 1.55 , 71.0 , 88.7 , -0.64 , -0.53 
273,변시원,23키, -0.69 , 4 , 0 , 0 , 0 , 0 , 0 , 0 , 0 , 2.1 , 11 , 11 , 19 , 6 , 2 , 0 , 1 , 4 , 0 , 2 , 2 , 0 , 0 , 42.43 , 15.01 , 4.29 , 9.7 , 26.9 , -0.69 , -0.32 
274,최하늘,23삼, -0.70 , 3 , 0 , 0 , 2 , 0 , 2 , 0 , 0 , 6.1 , 14 , 14 , 40 , 14 , 6 , 0 , 2 , 5 , 0 , 2 , 3 , 0 , 0 , 19.89 , 9.92 , 3.00 , 21.3 , 42.6 , -0.70 , -0.71 
275,김재열,23K, -0.71 , 9 , 0 , 0 , 0 , 0 , 0 , 0 , 0 , 11.2 , 17 , 17 , 70 , 20 , 4 , 1 , 2 , 13 , 0 , 0 , 9 , 0 , 0 , 13.11 , 7.47 , 2.83 , 31.5 , 55.0 , -0.71 , -0.40 
276,김선기,23키, -0.73 , 17 , 0 , 0 , 7 , 1 , 3 , 1 , 0 , 43.2 , 37 , 29 , 200 , 56 , 16 , 2 , 2 , 15 , 0 , 1 , 29 , 1 , 0 , 5.98 , 3.81 , 1.63 , 68.7 , 107.1 , -0.73 , -0.99 
277,맥키니,23키, -0.76 , 12 , 0 , 0 , 12 , 1 , 9 , 0 , 0 , 59.1 , 46 , 43 , 268 , 61 , 14 , 1 , 10 , 36 , 0 , 1 , 39 , 1 , 3 , 6.52 , 6.19 , 1.64 , 63.0 , 65.2 , -0.76 , -1.70 
278,양창섭,23삼, -0.77 , 15 , 0 , 0 , 4 , 0 , 3 , 0 , 2 , 28.2 , 29 , 29 , 141 , 45 , 5 , 1 , 7 , 16 , 1 , 1 , 12 , 0 , 2 , 9.10 , 7.45 , 2.13 , 46.5 , 56.8 , -0.77 , -0.92 
279,최채흥,23삼, -0.79 , 15 , 0 , 0 , 14 , 1 , 7 , 0 , 0 , 63.1 , 52 , 47 , 295 , 90 , 13 , 3 , 9 , 16 , 1 , 3 , 33 , 1 , 1 , 6.68 , 5.10 , 1.67 , 63.4 , 82.7 , -0.79 , -1.62 
280,이인복,23롯, -0.80 , 10 , 0 , 0 , 7 , 1 , 4 , 0 , 0 , 33.1 , 32 , 24 , 168 , 54 , 7 , 3 , 3 , 10 , 1 , 5 , 15 , 0 , 4 , 6.48 , 4.97 , 1.92 , 64.2 , 82.2 , -0.80 , -1.39 
281,김동혁,23키, -0.81 , 35 , 0 , 0 , 2 , 1 , 7 , 0 , 6 , 39.1 , 34 , 33 , 192 , 51 , 9 , 3 , 1 , 18 , 0 , 6 , 24 , 2 , 0 , 7.55 , 4.38 , 1.75 , 54.4 , 93.7 , -0.81 , -1.16 
282,홍정우,23삼, -0.81 , 36 , 0 , 0 , 1 , 2 , 3 , 0 , 3 , 36.0 , 31 , 30 , 166 , 36 , 3 , 1 , 5 , 21 , 2 , 3 , 22 , 0 , 2 , 7.50 , 5.86 , 1.58 , 56.5 , 71.8 , -0.81 , -1.07 
283,정우영,23L, -0.88 , 60 , 0 , 0 , 0 , 5 , 6 , 0 , 11 , 51.2 , 39 , 27 , 245 , 63 , 11 , 0 , 1 , 17 , 1 , 15 , 41 , 1 , 2 , 4.70 , 3.91 , 1.55 , 86.8 , 105.5 , -0.88 , -1.82 
284,김민우,23한, -1.06 , 12 , 0 , 0 , 12 , 1 , 6 , 0 , 0 , 51.2 , 43 , 40 , 243 , 65 , 16 , 2 , 6 , 28 , 0 , 2 , 43 , 0 , 5 , 6.97 , 5.03 , 1.80 , 59.6 , 82.5 , -1.06 , -1.61 
285,김태훈,23키삼, -1.53 , 71 , 0 , 0 , 0 , 6 , 7 , 3 , 11 , 63.1 , 54 , 50 , 306 , 74 , 18 , 2 , 8 , 43 , 4 , 3 , 40 , 0 , 1 , 7.11 , 5.81 , 1.85 , 59.4 , 72.1 , -1.53 , -2.33 
